USE personal_color_db;

-- Insert data into personal_color table
INSERT INTO personal_color (personal_id, name, english_name, description) VALUES
(1, '봄 웜 라이트', 'Spring Light', '러블리의 인간화'),
(2, '봄 웜 비비드', 'Spring Vivid', '상큼함의 인간화'),
(3, '봄 웜 브라이트', 'Spring Bright', '발랄함의 인간화'),
(4, '여름 쿨 라이트', 'Summer Light', '청초함의 인간화'),
(5, '여름 쿨 브라이트', 'Summer Bright', '청량함의 인간화'),
(6, '여름 쿨 뮤트', 'Summer Mute', '우아함의 인간화'),
(7, '가을 웜 뮤트', 'Autumn Mute', '온화함의 인간화'),
(8, '가을 웜 스트롱', 'Autumn Strong', '화려함의 인간화'),
(9, '가을 웜 다크', 'Autumn Dark', '클래식의 인간화'),
(10, '겨울 쿨 비비드', 'Winter Vivid', '모던함의 인간화'),
(11, '겨울 쿨 스트롱', 'Winter Strong', '시크함의 인간화'),
(12, '겨울 쿨 다크', 'Winter Dark', '고품격의 인간화');

-- Insert data into products table
INSERT INTO products (product_id, product_name, category, brand, product_detail_name, price, image) VALUES
(1, '블러글로이 립 틴트', '립', '딘토', '205 유스티티아', 24000, 'https://image.oliveyoung.co.kr/cfimages/cf-goods/uploads/images/thumbnails/550/10/0000/0020/A00000020112344ko.jpg?l=ko'),
(2, '아이스 드롭 워터 틴트', '립', '꽃빵', '02 듀이 피치블라썸', 11000, 'https://ecimg.cafe24img.com/pg629b78306222062/kkotppang1622/web/product/extra/small/20241206/924a644f560812e61b3f4ee51ec6e92e.png'),
(3, '아이스 드롭 워터 틴트', '립', '꽃빵', '03 피오니 필터', 11000, 'https://ecimg.cafe24img.com/pg629b78306222062/kkotppang1622/web/product/extra/small/20241206/6b38c8d9d89f06a8d621f60c96f33f88.png'),
(4, '아이스 드롭 워터 틴트', '립', '꽃빵', '01 카멜리아 드롭', 11000, 'https://ecimg.cafe24img.com/pg629b78306222062/kkotppang1622/web/product/extra/small/20241206/e1ace431a617fc1a7ac723ed7e460812.png'),
(5, '마이페이브 무드 아이팔레트', '아이', '홀리카홀리카', '11 레터 프롬 스프링', 15500, 'https://image.oliveyoung.co.kr/cfimages/cf-goods/uploads/images/thumbnails/550/10/0000/0015/A00000015036142ko.jpg?l=ko'),
(6, '무드 레시피 페이스 블러쉬', '치크', '3CE', '모노 핑크', 19000, 'https://sitem.ssgcdn.com/88/26/99/item/1000616992688_i1_750.jpg'),
(7, '글래스팅 멜팅 밤', '립', '롬앤', '06 카야 피그', 13000, 'https://cdn.yamibuy.net/item/f02345361b4451f1071a38e37f7b287d_757x757.webp'),
(8, '베러 댄 아이즈 우유시리즈', '아이', '롬앤', '말린 복숭아꽃', 18000, 'https://thumbnail9.coupangcdn.com/thumbnails/remote/492x492ex/image/retail/images/631540847940108-e7679450-2b0d-4dec-862c-b797407635b5.jpg'),
(9, '맑게 물든 선샤인 치크', '치크', '페리페라', '16호 도토리 좋아해', 6400, 'https://cdn.011st.com/11dims/resize/600x600/quality/75/11src/product/5668776394/B.jpg?728000000'),
(10, '잉크 무드 글로이 틴트', '립', '페리페라', '001 틴메추해', 8800, 'https://cdn.011st.com/11dims/resize/600x600/quality/75/11src/product/5128497865/B.jpg?896000000'),
(11, '무드 잇 팔레트', '아이', '릴리바이레드', '01 프레쉬 잇', 12800, 'https://img.hwahae.co.kr/commerce/goods/20240904_161926_%EB%AC%B4%EB%93%9C%EC%9E%87%20%ED%8C%94%EB%A0%88%ED%8A%B8%20AD_01%20%23%ED%94%84%EB%A0%88%EC%89%AC.jpg'),
(12, '맑게 물든 선샤인 치크', '치크', '페리페라', '19호 튤립파티해', 6400, 'https://www.wishbucket.io/_next/image?url=https%3A%2F%2Fd2gfz7wkiigkmv.cloudfront.net%2Fpickin%2F2%2F1%2F2%2FQl7U9E6ZSQy3ydTXDsLYpw&w=1080&q=75'),
(13, '듀이풀 워터 틴트', '립', '롬앤', '13 커스터드 모브', 9900, 'https://thumbnail6.coupangcdn.com/thumbnails/remote/492x492ex/image/1025_amir_coupang_oct_80k/7474/0771f55127616a4fc888649e44723f2e79747863c1de357b8d842669c0d8.jpg'),
(14, '섀도우 팔레트', '아이', '데이지크', '13 쿨 블렌딩', 26900, 'https://thumbnail7.coupangcdn.com/thumbnails/remote/492x492ex/image/retail/images/200657556816868-79d8175c-dbf7-45b1-9d9d-43fa247e7215.jpg'),
(15, '베러 댄 치크', '치크', '롬앤', 'N02 바인 누드', 12000, 'https://thumbnail7.coupangcdn.com/thumbnails/remote/492x492ex/image/retail/images/1472997930861186-65d6fe6a-4739-4e62-b8d5-3447779635d4.jpg'),
(16, '글래스팅 컬러 글로스', '립', '롬앤', '01 피오나 발레', 13000, 'https://thumbnail8.coupangcdn.com/thumbnails/remote/492x492ex/image/1025_amir_coupang_oct_80k/15fb/55cb41a66a2545ce1fcd35009ddf55a9a6d7a33fb4272abf56d96e83f102.jpg'),
(17, '올인원 애교살 메이커', '아이', '컬러그램', '03 진짜', 7400, 'https://thumbnail8.coupangcdn.com/thumbnails/remote/492x492ex/image/vendor_inventory/c594/8a8945f0f68803c8f2587140cf2cab489d3e7945a09d846af52cc8c6170d.jpg'),
(18, '맑게 물든 선샤인 치크', '치크', '페리페라', '12호 날씨요정등극해', 6400, 'https://www.wishbucket.io/_next/image?url=https%3A%2F%2Fd2gfz7wkiigkmv.cloudfront.net%2Fpickin%2F2%2F1%2F2%2FTaLc16TsSryM2Z-NQmr5nw&w=1080&q=75'),
(19, '아이스 드롭 워터 틴트', '립', '꽃빵', '04 페탈 라벤더', 11000, 'https://ecimg.cafe24img.com/pg629b78306222062/kkotppang1622/web/product/extra/small/20241206/70ac45daf0e9c1e77f1538b1aaa2aa8c.png'),
(20, '잉크 포켓 섀도우 팔레트', '아이', '페리페라', '04호 뮤트를 아는 느낌', 12000, 'https://thumbnail8.coupangcdn.com/thumbnails/remote/492x492ex/image/vendor_inventory/dd6f/f45633056f225496cd3d96c225c2fbbdb5a7c25bb28b88d3af98362de8f3.jpg'),
(21, '베러 댄 치크', '치크', '롬앤', 'C02 블루베리칩', 12000, 'https://thumbnail6.coupangcdn.com/thumbnails/remote/492x492ex/image/retail/images/759061487486096-d3497204-550c-498b-baca-bd7645ccd5d0.crdownload'),
(22, '립 포션 바미 로즈', '립', '얼터너티브스테레오', '00호 누디 에프리콧', 16150, 'https://cdn.chicor.com/images/product/20250113085236287.jpg?d=750x750'),
(23, '블러피니쉬 아이 섀도우', '아이', '딘토', '704 루이자 메이 올콧', 24400, 'https://thumbnail9.coupangcdn.com/thumbnails/remote/492x492ex/image/vendor_inventory/8f8d/9b0865819c6f220e2975c75741619855a9517d6d53de93baef5b77e026f4.png'),
(24, '베러 댄 치크', '치크', '롬앤', 'N01 너티 누드', 12000, 'https://thumbnail9.coupangcdn.com/thumbnails/remote/492x492ex/image/retail/images/749525638913372-2750c45f-89f2-4c7e-b3e4-5701a97f4b4a.jpg'),
(25, '스윗 라이어 밀키 틴트', '립', '릴리바이레드', '01 바닐라빈 크림인 척', 13000, 'https://thumbnail8.coupangcdn.com/thumbnails/remote/492x492ex/image/1025_amir_coupang_oct_80k/ca80/f75d5105965eeba7678868124649b3b459eae8e3439746c7a6ddeb756343.jpg'),
(26, '섀도우 팔레트', '아이', '데이지크', '24 뮤티드 넛츠', 26900, 'https://thumbnail10.coupangcdn.com/thumbnails/remote/492x492ex/image/retail/images/2023/11/10/10/2/653adeba-2d27-49c7-b281-bcfcab21fe32.png'),
(27, '러브빔 블러 치크', '치크', '릴리바이레드', '04 로즈블러', 9100, 'https://thumbnail7.coupangcdn.com/thumbnails/remote/492x492ex/image/retail/images/1260147211288613-bdba0492-cc3d-4ae6-963e-0a7d407ff743.jpg'),
(28, '스윗 라이어 밀키 틴트', '립', '릴리바이레드', '08 카야 버터인 척', 13000, 'https://thumbnail10.coupangcdn.com/thumbnails/remote/492x492ex/image/retail/images/2024/05/24/9/6/0b6a1b14-1867-4cb6-8bf8-fec0f8178b25.jpg'),
(29, '베러 댄 아이즈', '아이', '롬앤', 'B01 그을린 메밀꽃', 16000, 'https://thumbnail7.coupangcdn.com/thumbnails/remote/492x492ex/image/retail/images/2654237069708-1d71c158-6850-4978-a2ce-fcd1aef5112a.jpg'),
(30, '치크 팝', '치크', '크리니크', '05 누드 팝', 32400, 'https://img.ssgdfs.com/upload/C00001/goos/org/039/211202000067039.jpg?RS=500x500&AR=0'),
(31, '글래스팅 멜팅 밤', '립', '롬앤', '12 베일드 로즈', 13000, 'https://thumbnail6.coupangcdn.com/thumbnails/remote/492x492ex/image/1025_amir_coupang_oct_80k/5f93/917fb52018061b9e5635f0847ad8c23acede6c09d383152d34d0c4752d16.jpg'),
(32, '롬앤 더 쥬시 래스팅 틴트', '립', '롬앤', '23 피치피치 미', 8900, 'https://romand.io/images/product/958/kOY2uHHIYeeicQZh8S162C63jtojxgS0EAq9ZR8H.jpg'),
(33, '마이페이브 무드 아이팔레트', '아이', '홀리카홀리카', '09 타로 리더', 28000, 'https://img.hwahae.co.kr/commerce/goods/20230921_114231_%ED%83%80%EB%A1%9C%EB%A6%AC%EB%8D%94%ED%99%94%ED%95%B4.jpg'),
(34, '러브빔 블러 치크', '치크', '릴리바이레드', '05 라벤더블러', 13000, 'https://thumbnail8.coupangcdn.com/thumbnails/remote/492x492ex/image/1025_amir_coupang_oct_80k/8fa1/2afbe25af77c294b70fc9f005243ebb144432af49df863a7f53bb435dc16.jpg'),
(35, '글래스팅 컬러 글로스', '립', '롬앤', '01 피오니 발레', 13000, 'https://thumbnail8.coupangcdn.com/thumbnails/remote/492x492ex/image/1025_amir_coupang_oct_80k/15fb/55cb41a66a2545ce1fcd35009ddf55a9a6d7a33fb4272abf56d96e83f102.jpg'),
(36, '잉크 포켓 섀도우 팔레트', '아이', '페리페라', '06호 시그니처 메뉴는 뮤트', 15000, 'https://mblogthumb-phinf.pstatic.net/MjAyNDA4MDdfMjk0/MDAxNzIzMDQwNzM1MjYz.vxz-dAsd1UwlOirbgxU0pHokaSPFHaYQeWUIpBZn2Qwg.RVPqpKW4mAjCQ1Lx3o_maoJEsHpYC0xOiCC6uzdmw0wg.JPEG/20240709_102337.jpg?type=w800'),
(37, '무드 레시피 페이스 블러쉬', '치크', '3CE', '시티 모브', 17000, 'https://thumbnail8.coupangcdn.com/thumbnails/remote/492x492ex/image/vendor_inventory/e84a/0cdce2538577d53b6bc50f4cfc7909fd9a6a112c7955521b11233d29f5b5.jpg'),
(38, '베러 댄 아이즈', '아이', '롬앤', 'B02 그을린 피오니', 16000, 'https://media.bunjang.co.kr/product/293231782_1_1731839952_w360.jpg'),
(39, '치크 팝', '치크', '크리니크', '15 팬지 팝', 32400, 'https://img.ssgdfs.com/upload/C00001/goos/org/014/220106000072014.jpg?RS=500x500&AR=0'),
(40, '프루티 듀이 틴트', '립', '에뛰드', '05 [휘핑클라우드] 멜론스프레드', 8920, 'https://sitem.ssgcdn.com/19/88/87/item/1000590878819_i2_1200.jpg'),
(41, '베러 댄 치크', '치크', '롬앤', 'W02 스트로베리 밀크', 12000, 'https://img.hwahae.co.kr/products/2013855/2013855_20221014182206.jpg?format=webp&size=600x600&fit=inside'),
(42, '플러피 블러쉬', '치크', '디어에이', '02 퍼스트 크러쉬', 16000, 'https://img.hwahae.co.kr/products/2068634/2068634_20230927165305.jpg?format=webp&size=600x600&fit=inside'),
(43, '러블리 쿠키 블러셔', '치크', '에뛰드', 'PK004 피치 슈 웨하스', 8100, 'https://sungyesa.com/new/data/file/beauty/1893499027_CS0uZyO6_8-removebg-preview_1.png'),
(44, '플레이 컬러 아이즈 까사무화과', '아이', '에뛰드', '까사무화과', 20000, 'https://image.oliveyoung.co.kr/cfimages/cf-goods/uploads/images/thumbnails/550/10/0000/0015/A00000015955320ko.jpg?l=ko'),
(45, '마이 베스트 톤 아이 팔레트', '아이', '에뛰드', '02 만인의 E상형', 23000, 'https://thumbnail6.coupangcdn.com/thumbnails/remote/492x492ex/image/retail/images/974180481621189-85eec55c-0b88-4905-9977-2f2b32e35c80.jpg'),
(46, '하트 플러터 블러셔', '치크', '에뛰드', '핑카이브', 13000, 'https://images-kr.amoremall.com/unitproducts/651000242/651000242_01.png?1697160739768'),
(47, '글로우 픽싱틴트', '립', '에뛰드', '02 멜로우 핑크', 9700, 'https://cdn.hddfs.com/files/goos/6026/20230725/a594cd40.png?sf=webp&RS=518x518'),
(48, '마이 베스트 톤 아이 팔레트', '아이', '에뛰드', '03 E건 I잖아', 23000, 'https://thumbnail9.coupangcdn.com/thumbnails/remote/492x492ex/image/1025_amir_coupang_oct_80k/76e7/6575fe1712abcb942cdfdfd7941122a579ac6b5af82e05643b9e6cc8a287.jpg'),
(49, '플러피 블러쉬', '치크', '디어에이', '03 튀튀', 16000, 'https://img.hwahae.co.kr/products/2068638/2068638_20230927165424.jpg?format=webp&size=600x600&fit=inside'),
(50, '과즙팡 베어 크림 블러셔 미니', '치크', '어퓨', '03 딸기 크림', 8000, 'https://img.hwahae.co.kr/products/2105665/2105665_20240708135206.jpg?format=webp&size=600x600&fit=inside'),
(51, '러블리 쿠키 블러셔', '치크', '에뛰드', 'PK002 그레이프 후르츠 젤리', 8100, 'https://thumbnail6.coupangcdn.com/thumbnails/remote/492x492ex/image/retail/images/2020/07/24/9/3/e595cbcb-80fb-4094-801b-0d36195f67ec.jpg'),
(52, '오버 글로이 틴트', '립', '에뛰드', '04 수달리쉬 브라운', 10900, 'https://thumbnail9.coupangcdn.com/thumbnails/remote/492x492ex/image/retail/images/871006646624919-9a4f7eda-0b73-4fc4-aaf0-cf5175734747.jpg'),
(53, '마이 베스트 톤 아이 팔레트', '아이', '에뛰드', '01 최애의 I', 23000, 'https://thumbnail10.coupangcdn.com/thumbnails/remote/492x492ex/image/vendor_inventory/c191/b14c36c6ddc00cb7245acc6577953e39e44af9117e929f83d699e2f1033a.jpg'),
(54, '플레이 톤 아이 팔레트', '아이', '에뛰드', '누드 밀크티', 24000, 'https://thumbnail10.coupangcdn.com/thumbnails/remote/490x490ex/image/retail/images/5222189471144766-9e2969e8-d9c8-4857-9a19-dd0c215c21be.jpg'),
(55, '러블리 쿠키 블러셔', '치크', '에뛰드', 'OR201 살구피치 무스', 8100, 'https://thumbnail7.coupangcdn.com/thumbnails/remote/492x492ex/image/1025_amir_coupang_oct_80k/04a1/d0f96180caabfcdb6ca32a1e03b6f36f5bb320b25bf4195e4e30e2192921.jpg'),
(56, '러블리 쿠키 블러셔', '치크', '에뛰드', 'BE101 진저 허니 쿠키', 8100, 'https://thumbnail8.coupangcdn.com/thumbnails/remote/492x492ex/image/retail/images/786686838093008-5234e4c4-bebc-4276-bd37-9179cf245885.jpg'),
(57, '플레이 컬러 아이즈', '아이', '에뛰드', '가을 웜배서더', 30000, 'https://thumbnail7.coupangcdn.com/thumbnails/remote/492x492ex/image/retail/images/2023/10/30/17/7/4bece18d-341c-4b82-ab63-9cb7b2034dc4.jpg'),
(58, '플레이 컬러 아이즈 9구', '아이', '에뛰드', '베이크하우스', 14330, 'https://thumbnail8.coupangcdn.com/thumbnails/remote/492x492ex/image/retail/images/2024/01/15/18/7/093e0ac1-3c75-4360-8778-9ab586fde098.jpg'),
(59, '플레이 컬로 아이즈 9구', '아이', '에뛰드', '인더카페', 14330, 'https://thumbnail8.coupangcdn.com/thumbnails/remote/492x492ex/image/retail/images/417955379647170-fbeeccd8-1cae-460a-8006-92bbe9bd66e7.jpg'),
(60, '플러피 파우더 블러쉬', '치크', '네이밍', '스트럿 (STRUT)', 15000, 'https://img.hwahae.co.kr/products/1995980/1995980_20240711113314.jpg?format=webp&size=600x600&fit=inside'),
(61, '하트 팝 블러셔', '치크', '에뛰드', '본투비 칙', 9900, 'https://thumbnail6.coupangcdn.com/thumbnails/remote/492x492ex/image/vendor_inventory/02df/864e4b1747407dae513b70240c769e752c3b810c4ccb31546be12ff3659c.jpg'),
(62, '오버 글로이 틴트', '립', '에뛰드', '06 확신의 핑크스톤', 10900, 'https://thumbnail8.coupangcdn.com/thumbnails/remote/492x492ex/image/retail/images/2024/03/22/17/4/3961088d-2d16-446d-a4bd-395c7e350227.jpg'),
(63, '오버 글로이 틴트', '립', '에뛰드', '11 베디 베이지', 10900, 'https://thumbnail10.coupangcdn.com/thumbnails/remote/492x492ex/image/retail/images/2024/09/25/11/5/b776ea9e-ec79-4d0f-8e35-25ffa25dd01a.jpg'),
(64, '[리플레이]플레이 컬러 아이즈', '아이', '에뛰드', '03 은밀한 케이크 상자', 18000, 'https://thumbnail6.coupangcdn.com/thumbnails/remote/492x492ex/image/retail/images/871944197021287-6958d9ff-331f-4dcc-a832-f86304451b17.jpg'),
(65, '룩 앳 마이 아이즈', '아이', '에뛰드', 'M09 코코아 파우더', 5500, 'https://thumbnail6.coupangcdn.com/thumbnails/remote/492x492ex/image/retail/images/2024/03/07/15/3/4d549d07-9bbd-477c-818c-297f280756b3.jpg'),
(66, '플레이 컬러 아이즈', '아이', '에뛰드', '카리스마 웜 탑', 30000, 'https://thumbnail9.coupangcdn.com/thumbnails/remote/492x492ex/image/retail/images/2023/06/19/13/5/77945b68-f217-4176-9871-7a70c0dd86d1.jpg'),
(67, '플레이 컬러 아이즈 9구', '아이', '에뛰드', '카페인홀릭', 18620, 'https://thumbnail9.coupangcdn.com/thumbnails/remote/492x492ex/image/retail/images/872774061983658-1cb3a6f5-66fe-4df0-bced-8502e02d5fec.jpg'),
(68, '하트 쿠키 블러셔', '치크', '에뛰드', 'BR401 토피', 6860, 'https://thumbnail9.coupangcdn.com/thumbnails/remote/492x492ex/image/retail/images/2020/05/19/13/7/1776fb2a-2991-457d-841f-72c214075533.jpg'),
(69, '쥬시 래스팅 틴트', '립', '롬앤', '31 베어 애프리콧', 13000, 'https://img.hwahae.co.kr/products/2033270/2033270_20230413103331.jpg?format=webp&size=600x600&fit=inside'),
(70, '롬앤 더 쥬시 래스팅 틴트', '립', '롬앤', '09 멀드 피치', 8900, 'https://img.hwahae.co.kr/products/2121407/2121407_20241107152226.jpg?format=webp&size=600x600&fit=inside'),
(71, '섀도우 팔레트', '아이', '데이지크', '14 피치스퀴즈', 34000, 'https://img.hwahae.co.kr/commerce/goods/20221014_180007_%ED%99%94_%ED%94%BC%EC%B9%98%ED%8C%94%EB%A0%88%ED%8A%B8.jpg?format=webp&size=600x600&fit=inside'),
(72, '아트클래스 프로타주 펜슬', '아이', '투쿨포스쿨', '10 클래시 휘그', 12000, 'https://thumbnail10.coupangcdn.com/thumbnails/remote/492x492ex/image/retail/images/893562144525828-63b2f0bc-aea0-499d-9055-859d1baf2887.jpg'),
(73, '맑게 물든 선샤인 치크', '치크', '페리페라', '11호 피크닉같이해', 8000, 'https://img.hwahae.co.kr/commerce/goods/20220302_164133_%EB%A7%91%EA%B2%8C%EB%AC%BC%EB%93%A0%EC%84%A0%EC%83%A4%EC%9D%B8%EC%B9%98%ED%81%AC-11%ED%98%B8.jpg?format=webp&size=600x600&fit=inside'),
(74, '러브빔 치크', '치크', '릴리바이레드', '01 여리빔', 12000, 'https://img.hwahae.co.kr/products/1882593/1882593_20220801000000.jpg?format=webp&size=600x600&fit=inside'),
(75, '블러 퍼지 틴트', '립', '롬앤', '12 웜밍 업', 13000, 'https://img.hwahae.co.kr/products/2051784/2051784_20230714133213.jpg?format=webp&size=600x600&fit=inside'),
(76, '글래스팅 컬러 글로스', '립', '롬앤', '02 너티 베이그', 13000, 'https://img.hwahae.co.kr/products/2082588/2082588_20231215094415.jpg?format=webp&size=600x600&fit=inside'),
(77, '마이페이브 무드 아이팔레트', '아이', '홀리카홀리카', '10 픽더 로즈', 28000, 'https://img.hwahae.co.kr/commerce/goods/20230921_113013_%ED%94%BD%EB%8D%94%EB%A1%9C%EC%A6%88%ED%99%94%ED%95%B4.jpg?format=webp&size=600x600&fit=inside'),
(78, '올인원 애교살 메이커', '아이', '컬러그램', '01 웜톤', 9800, 'https://img.hwahae.co.kr/products/1985627/1985627_20220801000000.jpg?format=webp&size=600x600&fit=inside'),
(79, '베러 댄 치크', '치크', '롬앤', 'C04 페어칩', 12000, 'https://img.hwahae.co.kr/products/2013858/2013858_20221014181852.jpg?format=webp&size=600x600&fit=inside'),
(80, '블렌딩 무드 치크', '치크', '데이지크', '04 베이지 니트', 24000, 'https://img.hwahae.co.kr/commerce/goods/20221019_083627_%ED%99%94_%EC%9B%9C%EB%8B%88%ED%8A%B8.jpg?format=webp&size=600x600&fit=inside'),
(81, '크리스탈 글램틴트', '립', '클리오', '09호 베어피치', 18000, 'https://img.hwahae.co.kr/commerce/goods/20230615_151744_%ED%8B%B4%ED%8A%B83%ED%98%B8.jpg?format=webp&size=600x600&fit=inside'),
(82, '립 포션 바미 포즈', '립', '얼터너티브스테레오', '04호 허니 코랄', 19000, 'https://img.hwahae.co.kr/products/2086850/2086850_20240205095247.jpg?format=webp&size=600x600&fit=inside'),
(83, '슬라이드 인 싱글', '아이', '롬앤', 'M01 웜 볼류머', 7000, 'https://img.hwahae.co.kr/products/2121036/2121036_20241101093533.jpg?format=webp&size=600x600&fit=inside'),
(84, '레드 투 웨어 아이 팔레트', '아이', '삐아', '05 살구 블러쉬', 20000, 'https://img.hwahae.co.kr/commerce/goods/20230515_130844_01_%EB%88%84%EB%81%BC%EC%BB%B7.jpg?format=webp&size=600x600&fit=inside'),
(85, '듀얼 치크', '치크', '투에이엔', '11 쥬시피치', 19000, 'https://img.hwahae.co.kr/products/2128366/2128366_20250102095739.jpg?format=webp&size=600x600&fit=inside'),
(86, '치크 팝', '치크', '크리니크', '02 피치 팝', 32000, 'https://img.hwahae.co.kr/products/1770003/1770003_20220801000000.jpg?format=webp&size=600x600&fit=inside'),
(87, '블러 퍼지 틴트', '립', '롬앤', '06 모비쉬', 13000, 'https://img.hwahae.co.kr/products/2009377/2009377_20220823142725.jpg?format=webp&size=600x600&fit=inside'),
(88, '누디 블러 틴트', '립', '컬러그램', '02 플러핑크', 10000, 'https://img.hwahae.co.kr/products/2116505/2116505_20240913101030.jpg?format=webp&size=600x600&fit=inside'),
(89, '레디 투 웨어 아이 팔레트', '아이', '삐아', '06 쿨 스탠다드', 20000, 'https://img.hwahae.co.kr/commerce/goods/20230818_152239_01_%EB%88%84%EB%81%BC%EC%BB%B706%ED%98%B8.jpg?format=webp&size=600x600&fit=inside'),
(90, '무드 잇 팔레트', '아이', '릴리바이레드', '02 라이크 잇', 16000, 'https://img.hwahae.co.kr/commerce/goods/20240904_162244_%EB%AC%B4%EB%93%9C%EC%9E%87%20%ED%8C%94%EB%A0%88%ED%8A%B8%20AD_02%20%23%EB%9D%BC%EC%9D%B4%ED%81%AC%EC%9E%87.jpg?format=webp&size=600x600&fit=inside'),
(91, '베러 댄 치크', '치크', '롬앤', 'W01 오디밀크', 12000, 'https://img.hwahae.co.kr/products/2013854/2013854_20221014181925.jpg?format=webp&size=600x600&fit=inside'),
(92, '블렌딩 무드 치크', '치크', '데이지크', '08 블루베리소르베', 24000, 'https://img.hwahae.co.kr/commerce/goods/20230704_164512_%ED%99%94%ED%95%B4-%EB%B8%94%EB%A3%A8%EB%B2%A0%EB%A6%AC%EC%B9%98%ED%81%AC.jpg?format=webp&size=600x600&fit=inside'),
(93, '크리스탈 글램틴트', '립', '클리오', '03호 블러쉬드피치', 18000, 'https://img.hwahae.co.kr/commerce/goods/20230615_151744_%ED%8B%B4%ED%8A%B83%ED%98%B8.jpg?format=webp&size=600x600&fit=inside'),
(94, '듀이 젤 글레이즈 스틱', '립', '웨이크메이크', '12 플레어 듀', 15000, 'https://img.hwahae.co.kr/products/2071661/2071661_20231018095332.jpg?format=webp&size=600x600&fit=inside'),
(95, '에센셜 아이 팔레트', '아이', '삐아', '01 유어모브', 30000, 'https://img.hwahae.co.kr/commerce/goods/20240102_134550_01_%EB%88%84%EB%81%BC%EC%BB%B701%ED%98%B8.jpg?format=webp&size=600x600&fit=inside'),
(96, '올인원 애교살 메이커', '아이', '컬러그램', '02 쿨톤', 9800, 'https://img.hwahae.co.kr/products/2040789/2040789_20230516145347.jpg?format=webp&size=600x600&fit=inside'),
(97, '블렌딩 무드 치크', '치크', '데이지크', '06 베리 스무디', 24000, 'https://img.hwahae.co.kr/commerce/goods/20230316_145551_%EB%84%A4%EC%9D%B4%EB%B2%84%2C%ED%99%94%ED%95%B4_%EB%B2%A0%EB%A6%AC%EC%BB%AC%EB%A0%89%EC%85%98_02-4.png?format=webp&size=600x600&fit=inside'),
(98, '치크 톡톡', '치크', '어뮤즈', '02 발레리나 톡', 17000, 'https://img.hwahae.co.kr/products/2119013/2119013_20241015112703.jpg?format=webp&size=600x600&fit=inside'),
(99, '크리스탈 글램틴트', '립', '클리오', '06호 데일리모브', 18000, 'https://img.hwahae.co.kr/commerce/goods/20230615_152401_%ED%8B%B4%ED%8A%B86%ED%98%B8.jpg?format=webp&size=600x600&fit=inside'),
(100, '블러글로이 립 틴트', '립', '딘토', '219 아베 마리아', 20000, 'https://img.hwahae.co.kr/products/2118461/2118461_20241008121947.jpg?format=webp&size=600x600&fit=inside'),
(101, '아트클래스 프로타주 펜슬', '아이', '투쿨포스쿨', '07 뮤티드 토프', 12000, 'https://img.hwahae.co.kr/products/1876256/1876256_20220801000000.jpg?format=webp&size=600x600&fit=inside'),
(102, '마이페이브 섀도우 팔레트', '아이', '홀리카홀리카', '04 트러플', 16000, 'https://img.hwahae.co.kr/commerce/goods/16920_26091451view.jpg?format=webp&size=600x600&fit=inside'),
(103, '블렌딩 무드 치크', '치크', '데이지크', '14 러브 하트', 24000, 'https://img.hwahae.co.kr/commerce/goods/20240819_143336_%5B%ED%81%AC%EA%B8%B0%EB%B3%80%ED%99%98%5D%E1%84%87%E1%85%B3%E1%86%AF%E1%84%85%E1%85%A6%E1%86%AB%E1%84%83%E1%85%B5%E1%86%BC%20%E1%84%86%E1%85%AE%E1%84%83%E1%85%B3%20%E1%84%8E%E1%85%B5%E1%84%8F%E1%85%B3_%E1%84%85%E1%85%A5%E1%84%87%E1%85%B3%E1%84%92%E1%85%A1%E1%84%90%E1%85%B3_%EC%B5%9C%EC%A2%85%EB%B3%B8.png?format=webp&size=600x600&fit=inside'),
(104, '듀얼 치크', '치크', '투에이엔', '02 러브 로지', 19000, 'https://img.hwahae.co.kr/products/1865705/1865705_20220801000000.jpg?format=webp&size=600x600&fit=inside'),
(105, '누디 블러 틴트', '립', '컬러그램', '03 피그블리', 10000, 'https://img.hwahae.co.kr/products/2116506/2116506_20240913101155.jpg?format=webp&size=600x600&fit=inside'),
(106, '글래스팅 멜팅 밤', '립', '롬앤', '05 누가 샌드', 13000, 'https://img.hwahae.co.kr/products/2016922/2016922_20221129110512.jpg?format=webp&size=600x600&fit=inside'),
(107, '섀도우 팔레트', '아이', '데이지크', '27 로즈 밀크티', 34000, 'https://img.hwahae.co.kr/commerce/goods/20241002_141109_%ED%99%94%ED%95%B4_%EC%84%80%EB%8F%84%EC%9A%B0_1.png?format=webp&size=600x600&fit=inside'),
(108, '무드키보드', '아이', '릴리바이레드', '03 당신의 최애 애쉬 올림', 27000, 'https://img.hwahae.co.kr/commerce/goods/20230614_151339_LR_%EB%AC%B4%EB%93%9C%ED%82%A4%EB%B3%B4%EB%93%9C%20%5B03%20%EB%8B%B9%EC%8B%A0%EC%9D%98%20%EC%B5%9C%EC%95%A0%20%EC%95%A0%EC%89%AC%EC%98%AC%EB%A6%BC%5D_%EB%88%84%EB%81%BC.jpg?format=webp&size=600x600&fit=inside'),
(109, '베러 댄 치크', '치크', '롬앤', 'B01 진저 나잇', 12000, 'https://img.hwahae.co.kr/products/2104718/2104718_20240701140426.jpg?format=webp&size=600x600&fit=inside'),
(110, '러브빔 치크', '치크', '릴리바이레드', '06 여신빔', 12000, 'https://img.hwahae.co.kr/products/1882599/1882599_20220801000000.jpg?format=webp&size=600x600&fit=inside'),
(111, '크리스탈 글램틴트', '립', '클리오', '20호 바닐라애플', 18000, 'https://img.hwahae.co.kr/commerce/goods/20250205_143207_20%ED%98%B8.jpg?format=webp&size=600x600&fit=inside'),
(112, '글래스팅 컬러 글로스', '립', '롬앤', '06 디픈 무어', 13000, 'https://img.hwahae.co.kr/products/2082593/2082593_20231215094720.jpg?format=webp&size=600x600&fit=inside'),
(113, '숄 모먼트 아이섀도우 팔레트', '아이', '뮤드', '05 토피넛 라떼', 32000, 'https://img.hwahae.co.kr/products/2085218/2085218_20240108110522.jpg?format=webp&size=600x600&fit=inside'),
(114, '레디 투 웨어 아이 팔레트', '아이', '삐아', '07 웜베이지', 20000, 'https://img.hwahae.co.kr/commerce/goods/20231101_094807_01_%EB%88%84%EB%81%BC%EC%BB%B707%ED%98%B8_2.jpg?format=webp&size=600x600&fit=inside'),
(115, '블렌딩 무드 치크', '치크', '데이지크', '02 웜 블렌딩', 24000, 'https://img.hwahae.co.kr/commerce/goods/20221014_105015_%ED%99%94_%EB%B8%94%EB%A0%8C%EB%94%A9%EC%9B%9C.jpg?format=webp&size=600x600&fit=inside'),
(116, '베러 댄 치크', '치크', '롬앤', 'C03 피그칩', 12000, 'https://img.hwahae.co.kr/products/2013852/2013852_20221014175104.jpg?format=webp&size=600x600&fit=inside'),
(117, '라스트 벨벳 틴트 9', '립', '삐아', 'V44 꽤괜 모카', 11000, 'https://img.hwahae.co.kr/commerce/goods/20231101_094111_01_%EB%88%84%EB%81%BC44%ED%98%B8_2.jpg?format=webp&size=600x600&fit=inside'),
(118, '글래스팅 멜팅 밤', '립', '롬앤', '13 스카치 누드', 13000, 'https://img.hwahae.co.kr/products/2071041/2071041_20231016100049.jpg?format=webp&size=600x600&fit=inside'),
(119, '섀도우 팔레트', '아이', '데이지크', '15 베이지니트', 34000, 'https://img.hwahae.co.kr/commerce/goods/20221018_163011_%ED%99%94_%EB%B2%A0%EC%9D%B4%EC%A7%80%EB%8B%88%ED%8A%B81.jpg?format=webp&size=600x600&fit=inside'),
(120, '잉크 포켓 섀도우 팔레트', '아이', '페리페라', '03호 가을 낙엽 떨어질 때', 15000, 'https://img.hwahae.co.kr/commerce/goods/20230116_175508_%EC%9E%89%ED%81%AC%ED%8F%AC%EC%BC%9303.jpg?format=webp&size=600x600&fit=inside'),
(121, '레드 투 웨어 다우니 치크', '치크', '삐아', '10 다우니초코', 8000, 'https://img.hwahae.co.kr/commerce/goods/20241114_143624_01_%EB%88%84%EB%81%BC%EC%BB%B710%ED%98%B8%20%EC%B4%88%EC%BD%94.jpg?format=webp&size=600x600&fit=inside'),
(122, '맑게 물든 선샤인 치크', '치크', '페리페라', '23호 꼬숩달달해', 8000, 'https://img.hwahae.co.kr/commerce/goods/20231005_110430_%EC%84%A0%EC%83%A4%EC%9D%B8%EC%B9%98%ED%81%AC_23%ED%98%B8_1000_REAL.jpg?format=webp&size=600x600&fit=inside'),
(123, '꾸뛰르 립틴트 글레이즈', '립', '에스쁘아', '04호 허쉬드 체리', 22000, 'https://img.hwahae.co.kr/products/2084101/2084101_20250210141432.jpg?format=webp&size=600x600&fit=inside'),
(124, '잉크 무드 글로이 틴트', '립', '페리페라', '032 딸기야가자', 11000, 'https://img.hwahae.co.kr/commerce/goods/20250113_111549_32%ED%98%B8.jpg?format=webp&size=600x600&fit=inside'),
(125, '블러글로이 립 틴트', '립', '딘토', '220 데오 볼렌테', 20000, 'https://img.hwahae.co.kr/products/2118464/2118464_20241008122231.jpg?format=webp&size=600x600&fit=inside'),
(126, '아트클래스 프로타주 펜슬', '아이', '투쿨포스쿨', '15 피오니 티', 12000, 'https://thumbnail9.coupangcdn.com/thumbnails/remote/492x492ex/image/retail/images/330118235019250-e98b6007-6ba6-474b-a0a6-5b0cc53060bc.jpg'),
(127, '레디 투 웨어 아이 팔레트', '아이', '삐아', '08 쿨그레이', 20000, 'https://img.hwahae.co.kr/commerce/goods/20231101_094951_01_%EB%88%84%EB%81%BC%EC%BB%B708%ED%98%B8_2.jpg?format=webp&size=600x600&fit=inside'),
(128, '레디 투 웨어 아이 팔레트', '아이', '삐아', '04 빈티지 플라워', 20000, 'https://img.hwahae.co.kr/commerce/goods/20230508_153447_01_%EB%88%84%EB%81%BC%EC%BB%B7_04%EB%B9%88%ED%8B%B0%EC%A7%80%ED%94%8C%EB%9D%BC%EC%9B%8C.jpg?format=webp&size=600x600&fit=inside'),
(129, '블렌딩 무드 치크', '치크', '데이지크', '05 바이올렛 니트', 24000, 'https://img.hwahae.co.kr/commerce/goods/20221019_084743_%ED%99%94_%EC%BF%A8%EB%8B%88%ED%8A%B8.jpg?format=webp&size=600x600&fit=inside'),
(130, '치크 팝', '치크', '크리니크', '04 플럼 팝', 32000, 'https://img.hwahae.co.kr/products/1770005/1770005_20220801000000.jpg?format=webp&size=600x600&fit=inside'),
(131, '치크 팝', '치크', '크리니크', '03 베리 팝', 32000, 'https://img.hwahae.co.kr/products/1791856/1791856_20220801000000.jpg?format=webp&size=600x600&fit=inside'),
(132, '프루티 글램 틴트', '립', '라카', '115 엔비', 15000, 'https://img.hwahae.co.kr/products/2008295/2008295_20230316140018.jpg?format=webp&size=600x600&fit=inside'),
(133, '롬앤 더 쥬시 래스팅 틴트', '립', '롬앤', '07 체리 밤', 8900, 'https://img.hwahae.co.kr/products/2121404/2121404_20241107151551.jpg?format=webp&size=600x600&fit=inside'),
(134, '제로 매트 립스틱', '립', '롬앤', '22 모브 빈즈', 12000, 'https://img.hwahae.co.kr/products/2012890/2012890_20230511115412.jpg?format=webp&size=600x600&fit=inside'),
(135, '섀도우 팔레트', '아이', '데이지크', '29 모브 베어', 34000, 'https://img.hwahae.co.kr/commerce/goods/20241015_094103_%ED%99%94%ED%95%B4_%EC%84%80%EB%8F%84%EC%9A%B0_2.png?format=webp&size=600x600&fit=inside'),
(136, '아트클래스 프로타주 펜슬', '아이', '투쿨포스쿨', '12 모브 온', 12000, 'https://thumbnail6.coupangcdn.com/thumbnails/remote/492x492ex/image/retail/images/893592035906081-e19c8596-26bb-4028-88cd-8d093d0d44cd.jpg'),
(137, '틴토리 아이 팔레트', '아이', '컬러그램', '01 글리토리', 14000, 'https://img.hwahae.co.kr/products/2093128/2093128_20240401151139.jpg?format=webp&size=600x600&fit=inside'),
(138, '글로우 플로어 치크', '치크', '캔메이크', 'B02 로즈 발레리나', 16000, 'https://thumbnail6.coupangcdn.com/thumbnails/remote/492x492ex/image/vendor_inventory/0f5d/15428d11fe98d62f26379694f7cc30c0d1aca3283805f27aa460ef2c54bc.jpg'),
(139, '무스 케어 치크', '치크', '누즈', '04 모브 솔리드', 19000, 'https://img.hwahae.co.kr/products/2084601/2084601_20240103104948.jpg?format=webp&size=600x600&fit=inside'),
(140, '베러 댄 치크', '치크', '롬앤', 'B02 베리 던', 12000, 'https://img.hwahae.co.kr/products/2104719/2104719_20240701141028.jpg?format=webp&size=600x600&fit=inside'),
(141, '겟잇 틴트 워터풀 버터', '립', '토니모리', '11 윈터뱅쇼', 16000, 'https://img.hwahae.co.kr/products/2067483/2067483_20230925150542.jpg?format=webp&size=600x600&fit=inside'),
(142, '쥬시 듀이 틴트', '립', '데이지크', '25 얼그레이 로즈', 17000, 'https://img.hwahae.co.kr/commerce/goods/20241002_141723_%ED%99%94%ED%95%B4_%ED%8B%B4%ED%8A%B8_1.png?format=webp&size=600x600&fit=inside'),
(143, '베러 댄 팔레트', '아이', '롬앤', '11 치키 치키 가든', 30000, 'https://img.hwahae.co.kr/products/2071023/2071023_20231016094416.jpg?format=webp&size=600x600&fit=inside'),
(144, '베러 댄 아이즈', '아이', '롬앤', 'N02 말린 제비꽃', 18000, 'https://img.hwahae.co.kr/products/1899667/1899667_20220801000000.jpg?format=webp&size=600x600&fit=inside'),
(145, '베러 댄 치크', '치크', '롬앤', 'B03 블랙 밤', 12000, 'https://img.hwahae.co.kr/products/2104720/2104720_20240701141243.jpg?format=webp&size=600x600&fit=inside'),
(146, '치크 팝', '치크', '크리니크', '14 헤더 팝', 32000, 'https://img.hwahae.co.kr/products/2023300/2023300_20230214122452.jpg?format=webp&size=600x600&fit=inside'),
(147, '바미 크림 치즈', '치크', '얼터너티브스테레오', '4호 로즈 베리', 15000, 'https://img.hwahae.co.kr/products/2121848/2121848_20241112145415.jpg?format=webp&size=600x600&fit=inside'),
(148, '잉크 무드 글로이 틴트', '립', '페리페라', '027 핑토당토', 11000, 'https://img.hwahae.co.kr/commerce/goods/20240903_173141_%E3%85%87%E3%85%87%E3%85%87.jpg?size=600x600&fit=inside'),
(149, '잉크 더 에어리 벨벳', '립', '페리페라', '23 별피치내린다', 11000, 'https://img.hwahae.co.kr/commerce/goods/20220530_174839_23%ED%98%B8%ED%98%B8%ED%98%B8%ED%98%B8.jpg?size=600x600&fit=inside'),
(150, '스윗 라이어 밀키 틴트', '립', '릴리바이레드', '04 복숭아 푸딩인 척', 13000, 'https://img.hwahae.co.kr/commerce/goods/20240625_134438_%EC%8A%A4%EC%9C%97%20%EB%9D%BC%EC%9D%B4%EC%96%B4%20%EB%B0%80%ED%82%A4%20%ED%8B%B4%ED%8A%B8%2004%23%20%EB%B3%B5%EC%88%AD%EC%95%84%20%ED%91%B8%EB%94%A9%EC%9D%B8%20%EC%B2%99.jpg?size=600x600&fit=inside'),
(151, '멀티 아이 컬러 팔레트', '아이', '3CE', 'DEAR NUDE', 39000, 'https://img.hwahae.co.kr/products/2046782/2046782_20230620113314.jpg?size=600x600&fit=inside'),
(152, '올테이크 무드 팔레트', '아이', '페리페라', '02 봄과여름의서사', 23000, 'https://img.hwahae.co.kr/commerce/goods/20240514_153223_%EC%98%AC%ED%85%8C%EC%9D%B4%ED%81%AC%20%EB%AC%B4%EB%93%9C%20%ED%8C%94%EB%A0%88%ED%8A%B8%2024AD%202%ED%98%B8.jpg?size=600x600&fit=inside'),
(153, '무드키보드', '아이', '릴리바이레드', '05 웜멤버십', 27000, 'https://img.hwahae.co.kr/commerce/goods/20230518_160831_LR_%ED%81%90%ED%94%BC%EB%93%9C%20%EB%AC%B4%EB%93%9C%20%ED%82%A4%EB%B3%B4%EB%93%9C(%EC%9B%9C)_%EB%88%84%EB%81%BC.jpg?size=600x600&fit=inside'),
(154, '맑게 물든 선샤인 치크', '치크', '페리페라', '07 요거트얌얌해', 8000, 'https://img.hwahae.co.kr/products/1920411/1920411_20220902105256.jpg?size=600x600&fit=inside'),
(155, '러브빔 치크', '치크', '릴리바이레드', '02 청순빔', 12000, 'https://img.hwahae.co.kr/commerce/goods/20230829_110614_LR_%EB%9F%AC%EB%B8%8C%EB%B9%94%20%EC%B9%98%ED%81%AC%2002%ED%98%B8%20%EC%B2%AD%EC%88%9C%EB%B9%94.jpg?size=600x600&fit=inside'),
(156, '맑게 물든 선샤인 치크', '치크', '페리페라', '18호 수줍게인사해', 8000, 'https://img.hwahae.co.kr/commerce/goods/20230313_143923_%EC%B9%98%ED%81%AC1.jpg?size=600x600&fit=inside'),
(157, '스윗 라이어 밀키 틴트', '립', '릴리바이레드', '05 꿀자몽 크레페인 척', 13000, 'https://img.hwahae.co.kr/commerce/goods/20240625_134805_%EC%8A%A4%EC%9C%97%20%EB%9D%BC%EC%9D%B4%EC%96%B4%20%EB%B0%80%ED%82%A4%20%ED%8B%B4%ED%8A%B8%2005%23%20%EA%BF%80%EC%9E%90%EB%AA%BD%20%ED%81%AC%EB%A0%88%ED%8E%98%EC%9D%B8%20%EC%B2%99.jpg?size=600x600&fit=inside'),
(158, '잉크 무드 글로이 틴트', '립', '페리페라', '028 웜탠다드', 11000, 'https://img.hwahae.co.kr/commerce/goods/20240903_173632_%E3%85%87%E3%85%8C%E3%84%B7.jpg?size=600x600&fit=inside'),
(159, '샤인 리플렉터', '립', '3CE', 'SOFTEST', 19000, 'https://img.hwahae.co.kr/products/2082163/2082163_20231215173147.jpg?size=600x600&fit=inside'),
(160, '올테이크 무드라이크 팔레드', '아이', '페리페라', '01 프레스티지 핑크', 28000, 'https://img.hwahae.co.kr/commerce/goods/20230502_164019_%ED%8C%94%EB%A0%88%ED%8A%B8-1%ED%98%B8.jpg?size=600x600&fit=inside'),
(161, '올테이크 무드 팔레트', '아이', '페리페라', '05 봄바람아 너는 계획이 있구나.', 21000, 'https://img.hwahae.co.kr/products/1919857/1919857_20240312120401.jpg?size=600x600&fit=inside'),
(162, '잉크 포켓 섀도우 팔레트', '아이', '페리페라', '01호 봄볕이 좋아', 15000, 'https://img.hwahae.co.kr/commerce/goods/20230116_175021_%EC%9E%89%ED%81%AC%ED%8F%AC%EC%BC%9301.jpg?size=600x600&fit=inside'),
(163, '맑게 물든 선샤인 치크', '치크', '페리페라', '22호 당도초과해', 8000, 'https://img.hwahae.co.kr/commerce/goods/20231005_105059_%EC%84%A0%EC%83%A4%EC%9D%B8%EC%B9%98%ED%81%AC_22%ED%98%B8_1000.jpg?size=600x600&fit=inside'),
(164, '맑게 물든 선샤인 치크', '치크', '페리페라', '08호 뒹굴뒹굴해', 8000, 'https://img.hwahae.co.kr/products/1920413/1920413_20220902105306.jpg?size=600x600&fit=inside'),
(165, '맑게 물든 선샤인 치크', '치크', '페리페라', '19호 튤립파티해', 8000, 'https://img.hwahae.co.kr/commerce/goods/20230313_144225_%EC%B9%98%ED%81%AC222.jpg?size=600x600&fit=inside'),
(166, '앙큼 라이어 코팅 틴트', '립', '릴리바이레드', '06 발그레한 딸기인 척', 13000, 'https://img.hwahae.co.kr/commerce/goods/20230614_164247_LR_%EC%95%99%ED%81%BC%20%EB%9D%BC%EC%9D%B4%EC%96%B4%20%EC%BD%94%ED%8C%85%20%ED%8B%B4%ED%8A%B8%20AD_06.jpg?size=600x600&fit=inside'),
(167, '잉크 무드 글로이 틴트', '립', '페리페라', '031 명예딸기광', 11000, 'https://img.hwahae.co.kr/commerce/goods/20250113_111607_31%ED%98%B8.jpg?size=600x600&fit=inside'),
(168, '하트 잼 글로우 립', '립', '페리페라', '007 살구젤리', 11000, 'https://img.hwahae.co.kr/commerce/goods/20240220_092358_%ED%8E%98%EB%A6%AC%ED%8E%98%EB%9D%BC%20%ED%95%98%ED%8A%B8%20%EC%9E%BC%20%EA%B8%80%EB%A1%9C%EC%9A%B0%20%EB%A6%BD_07%ED%98%B8.jpg?size=600x600&fit=inside'),
(169, '올테이크 무드 팔레트', '아이', '페리페라', '03 꽃이라고불러도돼', 23000, 'https://img.hwahae.co.kr/commerce/goods/20240510_114912_3333.jpg?size=600x600&fit=inside'),
(170, '올테이크 무드 팔레트', '아이', '페리페라', '15 형님 저 녀석 튤립 만들까요?', 21000, 'https://img.hwahae.co.kr/commerce/goods/20230313_143608_%ED%8A%A4%EB%A6%BD%ED%8C%94.jpg?size=600x600&fit=inside'),
(171, '무드키보드', '아이', '릴리바이레드', '10 밀키체리 레코딩', 27000, 'https://img.hwahae.co.kr/commerce/goods/20240625_113016_%EB%AC%B4%EB%93%9C%20%ED%82%A4%EB%B3%B4%EB%93%9C%2010%23%20%EB%B0%80%ED%82%A4%EC%B2%B4%EB%A6%AC%20%EB%A0%88%EC%BD%94%EB%94%A9.jpg?size=600x600&fit=inside'),
(172, '맑게 물든 선샤인 치크', '치크', '페리페라', '24 달방아콩콩해', 8000, 'https://img.hwahae.co.kr/commerce/goods/20240903_173909_%E3%84%B7%E3%85%82%E3%85%87.jpg?size=600x600&fit=inside'),
(173, '맑게 물든 선샤인 치크', '치크', '페리페라', '03호 맛집서치해', 8000, 'https://img.hwahae.co.kr/products/1888330/1888330_20220801000000.jpg?size=600x600&fit=inside'),
(174, '맑게 물든 커스텀 치크', '치크', '페리페라', '04 청량톡톡코랄', 10000, 'https://img.hwahae.co.kr/commerce/goods/20240726_092024_%ED%99%94%ED%95%B44.jpg?size=600x600&fit=inside'),
(175, '잉크 무드 글로이 틴트', '립', '페리페라', '029 쿨레벌떡', 11000, 'https://img.hwahae.co.kr/commerce/goods/20240903_173726_%E3%85%8B%E3%84%BC%E3%85%82.jpg?size=600x600&fit=inside'),
(176, '잉크 더 에어리 벨벳', '립', '페리페라', '21 물복피치', 10000, 'https://img.hwahae.co.kr/commerce/goods/20220530_173836_%EC%97%90%EC%96%B4%EB%A6%AC21.jpg?size=600x600&fit=inside'),
(177, '스윗 라이어 밀키 틴트', '립', '릴리바이레드', '02 로즈 커스터드인 척', 13000, 'https://img.hwahae.co.kr/commerce/goods/20240625_134250_%EC%8A%A4%EC%9C%97%20%EB%9D%BC%EC%9D%B4%EC%96%B4%20%EB%B0%80%ED%82%A4%20%ED%8B%B4%ED%8A%B8%2002%23%20%EB%A1%9C%EC%A6%88%20%EC%BB%A4%EC%8A%A4%ED%84%B0%EB%93%9C%EC%9D%B8%20%EC%B2%99.jpg?size=600x600&fit=inside'),
(178, '무드키보드', '아이', '릴리바이레드', '04 쿨멤버십', 27000, 'https://img.hwahae.co.kr/commerce/goods/20230518_155143_LR_%ED%81%90%ED%94%BC%EB%93%9C%20%EB%AC%B4%EB%93%9C%20%ED%82%A4%EB%B3%B4%EB%93%9C(%EC%BF%A8)_%EB%88%84%EB%81%BC.jpg?size=600x600&fit=inside'),
(179, '올테이크 무드 팔레트', '아이', '페리페라', '11 포브스 선정 제법 젠쿨한 핑크', 21000, 'https://img.hwahae.co.kr/products/1997440/1997440_20220801000000.jpg?size=600x600&fit=inside'),
(180, '올테이크 무드 팔레트', '아이', '페리페라', '03 뉴트럴잇', 21000, 'https://img.hwahae.co.kr/products/2084746/2084746_20240104094238.jpg?size=600x600&fit=inside'),
(181, '러브빔 치크밤', '치크', '릴리바이레드', '02 순수빔', 12000, 'https://img.hwahae.co.kr/commerce/goods/20230829_104652_LR_%EB%9F%AC%EB%B8%8C%EB%B9%94%20%EC%B9%98%ED%81%AC%EB%B0%A4%2002%ED%98%B8%20%EC%88%9C%EC%88%98%EB%B9%94.jpg?size=600x600&fit=inside'),
(182, '러브빔 치크밤', '치크', '릴리바이레드', '05 앙큼빔', 12000, 'https://img.hwahae.co.kr/commerce/goods/20230616_163926_LR_%EB%9F%AC%EB%B8%8C%EB%B9%94%20%EC%B9%98%ED%81%AC%EB%B0%A4%2005%20%EC%95%99%ED%81%BC%EB%B9%94_%EB%88%84%EB%81%BC.jpg?size=600x600&fit=inside'),
(183, '페이스 블러쉬', '치크', '3CE', '렛 미 스테이', 18000, 'https://img.hwahae.co.kr/products/2091686/2091686_20240322104457.jpg?size=600x600&fit=inside'),
(184, '스윗 라이어 밀키 틴트', '립', '릴리바이레드', '10 무화가 요거트인 척', 13000, 'https://img.hwahae.co.kr/commerce/goods/20240904_154234_%EC%8A%A4%EC%9C%97%20%EB%9D%BC%EC%9D%B4%EC%96%B4%20%EB%B0%80%ED%82%A4%20%ED%8B%B4%ED%8A%B8_10%20%23%EB%AC%B4%ED%99%94%EA%B3%BC%20%EC%9A%94%EA%B1%B0%ED%8A%B8%EC%9D%B8%20%EC%B2%99.jpg?size=600x600&fit=inside'),
(185, '잉크 무드 글로이 틴트', '립', '페리페라', '005 어쩔체리', 11000, 'https://img.hwahae.co.kr/commerce/goods/20220302_163244_%EB%AC%B4%EB%93%9C%EA%B8%80%EB%A1%9C%EC%9D%B4%ED%8B%B4%ED%8A%B8-5%ED%98%B8.jpg?size=600x600&fit=inside'),
(186, '워터 베어 틴트', '립', '페리페라', '008 여쿨러팅', 12000, 'https://img.hwahae.co.kr/commerce/goods/20230510_174936_%EC%9B%8C%ED%84%B08%ED%98%B8.jpg?size=600x600&fit=inside'),
(187, '무드키보드', '아이', '릴리바이레드', '12 딸기칩스모어', 27000, 'https://img.hwahae.co.kr/commerce/goods/20241024_145436_%5BEDITION%5D%20%EC%8A%A4%EB%AA%A8%EC%96%B4%EB%94%A5_%EB%AC%B4%EB%93%9C%ED%82%A4%EB%B3%B4%EB%93%9C_%2312.jpg?size=600x600&fit=inside'),
(188, '잉크 포켓 섀도우 팔레트', '아이', '페리페라', '06호 시그니처 메뉴는 뮤트', 15000, 'https://img.hwahae.co.kr/products/2101403/2101403_20250203170730.jpg?size=600x600&fit=inside'),
(189, '올테이크 무드라이크 팔레트', '아이', '페리페라', '04 쿨 블러쉬', 28000, 'https://img.hwahae.co.kr/commerce/goods/20240314_142910_%EB%AC%B4%EB%93%9C%EB%9D%BC%EC%9D%B4%ED%81%AC.jpg?size=600x600&fit=inside'),
(190, '맑게 물든 선샤인 치크', '치크', '페리페라', '06호 아침잠좋아해', 8000, 'https://img.hwahae.co.kr/products/1920409/1920409_20250203102921.jpg?size=600x600&fit=inside'),
(191, '러브빔 블러 치크', '치크', '릴리바이레드', '07 딸기블러', 13000, 'https://img.hwahae.co.kr/products/2107282/2107282_20240923120720.jpg?size=600x600&fit=inside'),
(192, '블러쉬 라이터', '치크', '3CE', '미디 하이프', 24000, 'https://img.hwahae.co.kr/products/2128795/2128795_20250107112856.jpg?size=600x600&fit=inside'),
(193, '블러 워터 틴트', '립', '3CE', 'LAYDOWN', 17000, 'https://img.hwahae.co.kr/products/1922999/1922999_20220801000000.jpg?size=600x600&fit=inside'),
(194, '잉크 더 벨벳', '립', '페리페라', '018 인싸등극', 20000, 'https://img.hwahae.co.kr/commerce/goods/210429_170033_%EC%9E%89%EB%8D%94%EB%B2%A8-18.jpg?size=600x600&fit=inside'),
(195, '글래시 레이어 픽싱 틴트', '립', '릴리바이레드', '12 머스캣 샤워', 12000, 'https://img.hwahae.co.kr/commerce/goods/20230613_175220_LR_%ED%94%BD%EC%8B%B1%20%ED%8B%B4%ED%8A%B8%20%5B12%20%EB%A8%B8%EC%8A%A4%EC%BA%A3%EC%83%A4%EC%9B%8C%5D_%EB%88%84%EB%81%BC.jpg?size=600x600&fit=inside'),
(196, '무드키보드', '아이', '릴리바이레드', '08 라벤더다이얼', 27000, 'https://img.hwahae.co.kr/commerce/goods/20230927_115122_%EB%AC%B4%EB%93%9C%ED%82%A4%EB%B3%B4%EB%93%9C%208%ED%98%B8.jpg?size=600x600&fit=inside'),
(197, '무드키보드', '아이', '릴리바이레드', '09 밀키베리 스테레오', 27000, 'https://img.hwahae.co.kr/commerce/goods/20240620_164105_%EB%AC%B4%EB%93%9C%20%ED%82%A4%EB%B3%B4%EB%93%9C%2009%23%20%EB%B0%80%ED%82%A4%EB%B2%A0%EB%A6%AC%20%EC%8A%A4%ED%85%8C%EB%A0%88%EC%98%A4.jpg?size=600x600&fit=inside'),
(198, '무드키보드', '아이', '릴리바이레드', '02 사랑할 수밖에 없는 모브로부터', 27000, 'https://img.hwahae.co.kr/commerce/goods/20230614_151023_LR_%EB%AC%B4%EB%93%9C%ED%82%A4%EB%B3%B4%EB%93%9C%20%5B02%20%EC%82%AC%EB%9E%91%ED%95%A0%20%EC%88%98%20%EB%B0%96%EC%97%90%20%EC%97%86%EB%8A%94%20%EB%AA%A8%EB%B8%8C%EB%A1%9C%EB%B6%80%ED%84%B0%5D_%EB%88%84%EB%81%BC.jpg?size=600x600&fit=inside'),
(199, '러브빔 블러 치크', '치크', '릴리바이레드', '05 라벤더블러', 13000, 'https://img.hwahae.co.kr/products/2063709/2063709_20230905151250.jpg?size=600x600&fit=inside'),
(200, '립앤치크 글로이 젤리팟', '치크', '퓌', 'JM03 크림티', 20000, 'https://img.hwahae.co.kr/products/2117248/2117248_20241002180406.jpg?size=600x600&fit=inside'),
(201, '맑게 물든 선샤인 치크', '치크', '페리페라', '05호 끝나고톡해', 8000, 'https://img.hwahae.co.kr/products/1888333/1888333_20220801000000.jpg?size=600x600&fit=inside'),
(202, '립앤치크 글로이 젤리팟', '치크', '퓌', 'JM01 콩포트', 20000, 'https://img.hwahae.co.kr/products/2117245/2117245_20241002180205.jpg?size=600x600&fit=inside'),
(203, '스윗 라이어 밀키 틴트', '립', '릴리바이레드', '09 무화과 토스트인 척', 13000, 'https://img.hwahae.co.kr/commerce/goods/20240904_153057_%EC%8A%A4%EC%9C%97%20%EB%9D%BC%EC%9D%B4%EC%96%B4%20%EB%B0%80%ED%82%A4%20%ED%8B%B4%ED%8A%B8_09%20%23%EB%AC%B4%ED%99%94%EA%B3%BC%20%ED%86%A0%EC%8A%A4%ED%8A%B8%EC%9D%B8%20%EC%B2%99.jpg?size=600x600&fit=inside'),
(204, '잉크 무드 글로이 틴트', '립', '페리페라', '003 맘찍로즈', 11000, 'https://img.hwahae.co.kr/commerce/goods/20220302_162343_%EB%AC%B4%EB%93%9C%EA%B8%80%EB%A1%9C%EC%9D%B4%ED%8B%B4%ED%8A%B8-3%ED%98%B8.jpg?size=600x600&fit=inside'),
(205, '잉크 무드 글로이 틴트', '립', '페리페라', '018 여기누웜', 11000, 'https://img.hwahae.co.kr/commerce/goods/20231005_111227_%EC%9E%89%ED%81%AC%EB%AC%B4%EB%93%9C%EA%B8%80%EB%A1%9C%EC%9D%B4%ED%8B%B4%ED%8A%B8_18%ED%98%B8_%EC%8D%B8%EB%84%A4%EC%9D%BC.jpg?size=600x600&fit=inside'),
(206, '무드키보드', '아이', '릴리바이레드', '11 초코칩스모어', 27000, 'https://img.hwahae.co.kr/products/2117923/2117923_20241002093546.jpg?size=600x600&fit=inside'),
(207, '무드키보드', '아이', '릴리바이레드', '07 로즈다이얼', 27000, 'https://img.hwahae.co.kr/commerce/goods/20230927_110622_%EB%AC%B4%EB%93%9C%ED%82%A4%EB%B3%B4%EB%93%9C%207%ED%98%B8.jpg?size=600x600&fit=inside'),
(208, '프로 아이 팔레트', '아이', '클리오', '11호 아늑한 골목 산책', 32000, 'https://img.hwahae.co.kr/products/1962977/1962977_20220801000000.jpg?size=600x600&fit=inside'),
(209, '무드 레시피 페이스 블러쉬', '치크', '3CE', '로즈 베이지', 17000, 'https://img.hwahae.co.kr/products/1805532/1805532_20220801000000.jpg?size=600x600&fit=inside'),
(210, '맑게 물든 선샤인 치크', '치크', '페리페라', '01호 집밖은위험해', 8000, 'https://img.hwahae.co.kr/commerce/goods/20220223_151230_%EB%A7%91%EA%B2%8C-%EB%AC%BC%EB%93%A0-%EC%84%A0%EC%83%A4%EC%9D%B8-%EC%B9%98%ED%81%AC-1%ED%98%B8.jpg?size=600x600&fit=inside'),
(211, '맑게 물든 선샤인 치크', '치크', '페리페라', '02호 밀크티한잔해', 8000, 'https://img.hwahae.co.kr/products/1888322/1888322_20220801000000.jpg?size=600x600&fit=inside'),
(212, '립앤치크 블러리 푸딩팟', '립', '퓌', 'ND04 마이 MY', 22000, 'https://img.hwahae.co.kr/products/2086484/2086484_20240123164606.jpg?size=600x600&fit=inside'),
(213, '잉크 무드 매트 스틱', '립', '페리페라', '012 힙생힙사', 14000, 'https://img.hwahae.co.kr/products/2009992/2009992_20220830100831.jpg?size=600x600&fit=inside'),
(214, '크리스탈 글램틴트', '립', '클리오', '01호 빈티지애플', 18000, 'https://img.hwahae.co.kr/commerce/goods/20230615_151459_%ED%8B%B4%ED%8A%B81%ED%98%B8.jpg?size=600x600&fit=inside'),
(215, '프로 아이 팔레트', '아이', '클리오', '19호 낮잠자는치즈', 32000, 'https://img.hwahae.co.kr/products/2023976/2023976_20230220141156.jpg?size=600x600&fit=inside'),
(216, '멀티 아이 컬러 팔레트', '아이', '3CE', 'OVERTAKE', 39000, 'https://img.hwahae.co.kr/products/1794264/1794264_20230222114800.jpg?size=600x600&fit=inside'),
(217, '모어무드 아이팔레트', '아이', '퓌', '01호 모어 댄 누드', 35000, 'https://img.hwahae.co.kr/products/2093992/2093992_20240405172737.jpg?size=600x600&fit=inside'),
(218, '맑게 물든 선샤인 치크', '치크', '페리페라', '17호 인간가을해', 8000, 'https://img.hwahae.co.kr/products/2010608/2010608_20220906113752.jpg?size=600x600&fit=inside'),
(219, '블러쉬 라이터', '치크', '3CE', '얼리 나우', 24000, 'https://img.hwahae.co.kr/products/2128791/2128791_20250107111844.jpg?size=600x600&fit=inside'),
(220, '립앤치크 글로이 젤리팟', '치크', '퓌', 'JN03 커스터드', 20000, 'https://img.hwahae.co.kr/products/2117240/2117240_20241002175525.jpg?size=600x600&fit=inside'),
(221, '크리스탈 글램틴트', '립', '클리오', '08호 젠틀시나몬', 18000, 'https://img.hwahae.co.kr/commerce/goods/20230615_152220_%ED%8B%B4%ED%8A%B88%ED%98%B8.jpg?size=600x600&fit=inside'),
(222, '오버 블러 틴트', '립', '페리페라', '005 도토감성', 12000, 'https://img.hwahae.co.kr/commerce/goods/20240904_094715_5%ED%98%B8.jpg?size=600x600&fit=inside'),
(223, '헤이지 립 클레이', '립', '3CE', 'WARM BROWNIE', 20000, 'https://img.hwahae.co.kr/products/2061014/2061014_20230824100027.jpg?size=600x600&fit=inside'),
(224, '머러티 아이 컬러 팔레트', '아이', '3CE', 'DRY BOUQUET', 39000, 'https://img.hwahae.co.kr/products/1858771/1858771_20230222115204.jpg?size=600x600&fit=inside'),
(225, '올테이크 무드테크닉 팔레트', '아이', '페리페라', '001 어라운드브라운', 25000, 'https://img.hwahae.co.kr/products/1938943/1938943_20220801000000.jpg?size=600x600&fit=inside'),
(226, '뉴 테이크 아이섀도우 팔레트', '아이', '3CE', 'RAW NEUTRALS', 49000, 'https://cdn.chicor.com/images/product/20230314105551105.jpg?d=600x0'),
(227, '러브빔 치크밤', '치크', '릴리바이레드', '03 감성빔', 12000, 'https://img.hwahae.co.kr/commerce/goods/20250205_134758_LR_%EB%9F%AC%EB%B8%8C%EB%B9%94%20%EC%B9%98%ED%81%AC%EB%B0%A4_03%ED%98%B8.jpg?size=600x600&fit=inside'),
(228, '맑게 물든 선샤인 치크', '치크', '페리페라', '25 반달입떡해', 8000, 'https://img.hwahae.co.kr/commerce/goods/20240903_174133_%E3%85%82%E3%84%B7%E3%85%87.jpg?size=600x600&fit=inside'),
(229, '블러쉬 라이터', '치크', '3CE', '미디하이프', 24000, 'https://img.hwahae.co.kr/products/2128795/2128795_20250107112856.jpg?size=600x600&fit=inside'),
(230, '잉크 무드 글로이 틴트', '립', '페리페라', '026 왤케포도', 11000, 'https://img.hwahae.co.kr/commerce/goods/20240510_120123_26.jpg?size=600x600&fit=inside'),
(231, '립앤치크 블러리 푸딩팟', '립', '퓌', 'ND01 오! OH!', 22000, 'https://img.hwahae.co.kr/products/2086481/2086481_20240123164537.jpg?size=600x600&fit=inside'),
(232, '잉크 더 벨벳', '립', '페리페라', '016 하트백만개', 20000, 'https://img.hwahae.co.kr/commerce/goods/10464_06174951view.jpg?size=600x600&fit=inside'),
(233, '프로 아이 팔레트', '아이', '클리오', '01호 심플리핑크', 32000, 'https://img.hwahae.co.kr/products/1890718/1890718_20220801000000.jpg?size=600x600&fit=inside'),
(234, '프로 아이 팔레트', '아이', '클리오', '14호 한남동아뜰리에', 32000, 'https://img.hwahae.co.kr/products/1996892/1996892_20220801000000.jpg?size=600x600&fit=inside'),
(235, '뉴 테이크 아이섀도우 팔레트', '아이', '3CE', 'CRETIVE FILTER', 49000, 'https://cdn.chicor.com/images/product/20240617134908492.jpg?d=600x0'),
(236, '에어 블러휩 블러쉬', '치크', '클리오', '07호 체리피스', 19000, 'https://img.hwahae.co.kr/commerce/goods/20230714_145535_%EC%B2%B4%EB%A6%AC%EB%B2%A0%ED%94%BC%EC%8A%A4.jpg?size=600x600&fit=inside'),
(237, '립앤치크 글로이 젤리팟', '치크', '퓌', 'JR03 체리뽀', 20000, 'https://img.hwahae.co.kr/products/2117234/2117234_20241002173728.jpg?size=600x600&fit=inside'),
(238, '뉴 테이크 페이스 블러셔', '치크', '3CE', 'YOUTH PINK', 20000, 'https://img.hwahae.co.kr/products/2011398/2011398_20220916163407.jpg?size=600x600&fit=inside'),
(239, '잉크 무드 글로이 틴트', '립', '페리페라', '030 행집베리', 11000, 'https://img.hwahae.co.kr/commerce/goods/20250113_110614_30%ED%98%B8.jpg?size=600x600&fit=inside'),
(240, '스윗 라이어 밀키 틴트', '립', '릴리바이레드', '06 생체리 토핑인 척', 13000, 'https://img.hwahae.co.kr/products/2097061/2097061_20240508114239.jpg?size=600x600&fit=inside'),
(241, '밀키 블러 퐁듀 바', '립', '릴리바이레드', '06 흑당에 빠진 오디', 10400, 'https://img.hwahae.co.kr/commerce/goods/20241024_162831_%5BEDITION%5D%20%EC%8A%A4%EB%AA%A8%EC%96%B4%EB%94%A5_%EB%B0%80%ED%82%A4%EB%B8%94%EB%9F%AC%ED%90%81%EB%93%80%EB%B0%94_%2306.jpg?size=600x600&fit=inside'),
(242, '프로 아이 팔레트 에어', '아이', '클리오', '03호 뮤트라이브러리', 34000, 'https://img.hwahae.co.kr/commerce/goods/20230905_115650_%ED%99%94%ED%95%B43%ED%98%B8.jpg?size=600x600&fit=inside'),
(243, '멀티 아이 컬러 팔레트', '아이', '3CE', 'A SHY ASH', 39000, 'https://img.hwahae.co.kr/products/2074134/2074134_20231030144748.jpg?size=600x600&fit=inside'),
(244, '올테이크 무드 팔레트', '아이', '페리페라', '17 자고 일어났는데 힙하면 어떡할꺼야?', 21000, 'https://img.hwahae.co.kr/products/2073650/2073650_20231027100520.jpg?size=600x600&fit=inside'),
(245, '립앤치크 글로이 젤리팟', '치크', '퓌', 'JM02 베리잼', 20000, 'https://img.hwahae.co.kr/products/2117247/2117247_20241002180323.jpg?size=600x600&fit=inside'),
(246, '에어 블러휩 블러쉬', '치크', '클리오', '05호 베리 스쿱', 19000, 'https://img.hwahae.co.kr/commerce/goods/20230615_163114_%EB%B8%94%EB%9F%AC%ED%9C%A95.jpg?size=600x600&fit=inside'),
(247, '에어 블러휩 블러쉬', '치크', '클리오', '10호 딸기듬뿍토핑', 19000, 'https://img.hwahae.co.kr/products/2063081/2063081_20230901151242.jpg?size=600x600&fit=inside'),
(248, '블러 워터 틴트', '립', '3CE', 'DOUBLE WIND', 17000, 'https://img.hwahae.co.kr/products/1923012/1923012_20220801000000.jpg?size=600x600&fit=inside'),
(249, '립앤치크 블러리 푸딩팟', '립', '퓌', 'MV03 배디 BADDIE', 22000, 'https://img.hwahae.co.kr/products/2086506/2086506_20240123164357.jpg?size=600x600&fit=inside'),
(250, '쥬시 라이어 워터 틴트', '립', '릴리바이레드', '04 블랙베리 데낄라인 척', 13000, 'https://img.hwahae.co.kr/commerce/goods/20231010_112348_%EC%A5%AC%EC%8B%9C%20%EB%9D%BC%EC%9D%B4%EC%96%B4%20%EC%9B%8C%ED%84%B0%ED%8B%B4%ED%8A%B8%20AD_04.jpg?size=600x600&fit=inside'),
(251, '플레이 컬러 아이즈', '아이', '에뛰드', '쿨 스테이지', 30000, 'https://img.hwahae.co.kr/products/2068716/2068716_20240724145537.jpg?size=600x600&fit=inside'),
(252, '올테이크 무드테크닉 팔레트', '아이', '페리페라', '005 럽유핑크풀베리', 25000, 'https://img.hwahae.co.kr/products/2005969/2005969_20220801000000.jpg?size=600x600&fit=inside'),
(253, '프로 아이 팔레트', '아이', '클리오', '17호 오버더패스', 32000, 'https://img.hwahae.co.kr/products/2015092/2015092_20221031174459.jpg?size=600x600&fit=inside'),
(254, '립앤치크 글로이 젤리팟', '치크', '퓌', 'JR02 사워구미', 20000, 'https://img.hwahae.co.kr/products/2117231/2117231_20241002173632.jpg?size=600x600&fit=inside'),
(255, '샘물 싱글 블러셔', '치크', '더샘', 'PP02 와일드 플럼', 5000, 'https://img.hwahae.co.kr/products/1873137/1873137_20220801000000.jpg?size=600x600&fit=inside'),
(256, '올오버 블러셔', '치크', '이글립스', '06 클래시', 19000, 'https://img.hwahae.co.kr/products/2113838/2113838_20240823121150.jpg?size=600x600&fit=inside');

-- Insert data into product_color table
INSERT INTO product_color (product_id, color) VALUES
(1, '#e37d8a'),
(2, '#c45945'),
(3, '#c4555e'),
(4, '#ce1523'),
(5, '#f9e8e4'), (5, '#e2b4b0'), (5, '#d6aca0'), (5, '#eebaaf'), 
(5, '#efd2c2'), (5, '#ddaea4'), (5, '#6f443d'), (5, '#d7a7a6'), 
(5, '#aa7a71'),
(6, '#e5b4ad'),
(7, '#b95054'),
(8, '#deb0b2'), (8, '#e79e97'), (8, '#d7bbba'), (8, '#b47b74'),
(9, '#e0cabd'),
(10, '#d16960'),
(11, '#f9d9ce'), (11, '#ffcebf'), (11, '#febfba'), (11, '#b17d68'),
(12, '#f8ccb1'),
(13, '#c06169'),
(14, '#efdad5'), (14, '#edcfcd'), (14, '#ddbbb9'), (14, '#e5c3c2'), 
(14, '#ebc4c5'), (14, '#daacaf'), (14, '#cbaca9'), (14, '#bc9695'),
(15, '#ddb2b9'),
(16, '#f3adb5'),
(17, '#e9b4a6'),
(18, '#fedade'),
(19, '#9b4965'),
(20, '#e2c5b8'), (20, '#d7b49e'), (20, '#cb9a8d'), (20, '#b58b7b'), 
(20, '#886c57'),
(21, '#dba7a3'),
(22, '#cb7166'),
(23, '#ebd0bd'), (23, '#e5c5ae'), (23, '#dbab94'), (23, '#dbb5a2'),
(23, '#c29784'), (23, '#ad806b'),
(24, '#dbac9a'),
(25, '#ef8a86'),
(26, '#e3baa4'), (26, '#dbb8a5'), (26, '#dba791'), (26, '#ce9987'), 
(26, '#ca9d86'), (26, '#c4967c'), (26, '#bd937b'), (26, '#a47e67'), 
(26, '#785c50'),
(27, '#f1bab4'),
(28, '#e58d83'),
(29, '#ba9f8e'), (29, '#a17e6b'), (29, '#b39281'), (29, '#5b3f34'),
(30, '#f8b6aa'),
(31, '#b36167'),
(32, '#f17887'),
(33, '#efe3e5'), (33, '#eeb4ca'), (33, '#edc6d8'), (33, '#d79ba7'),
(33, '#f2d8e1'), (33, '#c68c8b'), (33, '#96686b'), (33, '#b8828f'), 
(33, '#64514b'),
(34, '#e3b2b5'),
(35, '#f3aab1'),
(36, '#ffd2cd'), (36, '#d09494'), (36, '#ffdce4'), (36, '#be8d88'), 
(36, '#755850'),
(37, '#e5b4aa'),
(38, '#e3b9ba'), (38, '#cc9ea0'), (38, '#a0918a'), (38, '#49352e'),
(39, '#d49cb7'),
(40, '#f27d6c'),
(41, '#fed3da'),
(42, '#f1b7af'), (42, '#cbae8e'),
(43, '#fda1ae'),
(44, '#f2c8bc'),
(44, '#d4998b'),
(44, '#c98280'),
(44, '#c09a8d'),
(44, '#da9784'),
(44, '#d5aa99'),
(44, '#e7ccb9'),
(44, '#d2a48a'),
(44, '#7d5c53'),
(45, '#f4d6ce'),
(45, '#ffdad2'),
(45, '#fac9bb'),
(45, '#fcb7a8'),
(45, '#ffe1da'),
(45, '#f3c4b4'),
(45, '#ffe8e2'),
(45, '#fff3e8'),
(45, '#fbc3aa'),
(45, '#e1967f'),
(45, '#ffcfb9'),
(46, '#ecb7b1'),
(47, '#ce5773'),
(48, '#e5d2cc'),
(48, '#e3b3b3'),
(48, '#e2c9c5'),
(48, '#ddcac6'),
(48, '#e6c9cb'),
(48, '#f0d8dd'),
(48, '#c8949b'),
(48, '#d28e86'),
(48, '#cd978d'),
(48, '#b4706d'),
(48, '#e0bbc3'),
(49, '#ecc1c4'),
(50, '#ddbabe'),
(51, '#fda0ab'),
(52, '#c23e3a'),
(53, '#edd1b9'),
(53, '#ddad89'),
(53, '#c9987a'),
(53, '#b98669'),
(53, '#eed1c1'),
(53, '#dab19b'),
(53, '#ecd4ba'),
(53, '#a36c4d'),
(53, '#e9c6aa'),
(53, '#cf9d78'),
(53, '#ac7a55'),
(53, '#8a614d'),
(54, '#c39683'),
(54, '#bd9281'),
(54, '#c79c8b'),
(54, '#af8d81'),
(54, '#9f6b5e'),
(54, '#976c5c'),
(54, '#573128'),
(55, '#f7b2ab'),
(56, '#eaa892'),
(57, '#f2d3c1'),
(57, '#e1b298'),
(57, '#d7a58e'),
(57, '#ecc6af'),
(57, '#d3a895'),
(57, '#bb8d76'),
(57, '#c6917f'),
(57, '#a77761'),
(57, '#ac8171'),
(57, '#72543a'),
(58, '#dab48f'),
(58, '#dca481'),
(58, '#f3dac4'),
(58, '#b87e59'),
(58, '#b17052'),
(58, '#a97858'),
(58, '#a1694e'),
(58, '#c49986'),
(58, '#714333'),
(59, '#ceb49b'),
(59, '#bc9a77'),
(59, '#bd9270'),
(59, '#b98f79'),
(59, '#aa795b'),
(59, '#b38866'),
(59, '#866651'),
(59, '#825945'),
(59, '#644e43'),
(60, '#b67967'),
(61, '#d2947d'),
(62, '#b03146'),
(63, '#be595d'),
(64, '#e2c8d1'),
(64, '#c19d9f'),
(64, '#c59fb6'),
(64, '#a38289'),
(65, '#4e332a'),
(66, '#ebcec0'),
(66, '#e7c6b5'),
(66, '#d2a48c'),
(66, '#e0c1ac'),
(66, '#e9b397'),
(66, '#cf9379'),
(66, '#cb937a'),
(66, '#9e6548'),
(66, '#9d6451'),
(66, '#7d5144'),
(67, '#aa7668'),
(67, '#b36e4d'),
(67, '#876961'),
(67, '#ac736a'),
(67, '#9f5548'),
(67, '#ad7d73'),
(67, '#865338'),
(67, '#88453c'),
(67, '#4b3633'),
(68, '#dd8f79'),
(69, '#fccdc9'),
(70, '#f8a9b0'),
(71, '#fbdfc8'),
(71, '#ffe8cc'),
(71, '#fdd5c2'),
(71, '#f3b39b'),
(71, '#fac9aa'),
(71, '#f8b796'),
(71, '#ffe0ba'),
(71, '#e0a884'),
(71, '#9a6a4b'),
(72, '#ffc5c7'),
(73, '#f09f9d'),
(74, '#fdaba0'),
(75, '#e89177'),
(76, '#dd9888'),
(77, '#f1d7d0'),
(77, '#f6c3bc'),
(77, '#d39e97'),
(77, '#e7aca9'),
(77, '#ad6d6e'),
(77, '#ca8784'),
(77, '#e3a0a4'),
(77, '#a06e6b'),
(77, '#66453e'),
(78, '#efc8be'),
(79, '#eaa584'),
(80, '#edbaa5'),
(80, '#ebbbb2'),
(80, '#e5a18f'),
(80, '#efc9bb'),
(81, '#f98ea5'),
(82, '#ff6471'),
(83, '#f2dfd4'),
(84, '#f4c5b1'),
(84, '#febca4'),
(84, '#d2a395'),
(84, '#d8a995'),
(84, '#bc8d79'),
(84, '#a47f6d'),
(85, '#fdd8d2'),
(85, '#fda7aa'),
(86, '#e8656b'),
(87, '#aa5e6b'),
(88, '#d59f9d'),
(89, '#f3e1dd'),
(89, '#eac7c3'),
(89, '#f9d0cd'),
(89, '#e5d0d2'),
(89, '#c6a6a5'),
(89, '#af9385'),
(90, '#fae6e8'),
(90, '#f9dbe3'),
(90, '#f6c0d1'),
(90, '#aa8070'),
(91, '#ffd4e7'),
(92, '#f7cdd5'),
(92, '#fcccd8'),
(92, '#eeadbf'),
(92, '#f7c7d7'),
(93, '#fc91a8'),
(94, '#f8e0e4'),
(95, '#f5e1e0'),
(95, '#e6c3c9'),
(95, '#b69ba1'),
(95, '#c0a3a7'),
(95, '#debebc'),
(95, '#f0e7f0'),
(95, '#ad8186'),
(95, '#9d7a83'),
(95, '#e8bcc0'),
(95, '#715b5e'),
(96, '#f6bfc4'),
(97, '#ffe0f1'),
(97, '#ffcfe8'),
(97, '#fdc3df'),
(97, '#f79ecd'),
(98, '#ff919c'),
(99, '#fc97a3'),
(100, '#cd98a2'),
(101, '#bd8478'),
(102, '#dec2a9'),
(102, '#b78680'),
(102, '#be9b87'),
(102, '#765144'),
(103, '#ffd1da'),
(103, '#ffc3d1'),
(103, '#fdb3c5'),
(103, '#f691b7'),
(104, '#facacd'),
(104, '#ecaaac'),
(105, '#c77f70'),
(106, '#e3aaa0'),
(107, '#fcd4ca'),
(107, '#f8d4ce'),
(107, '#f0c0b9'),
(107, '#f7d0ca'),
(107, '#e1ada5'),
(107, '#cea397'),
(107, '#d2998b'),
(107, '#c98f84'),
(107, '#b2887d'),
(108, '#dec0a8'),
(108, '#edd5c2'),
(108, '#ba9a7f'),
(108, '#9b7960'),
(108, '#785638'),
(108, '#ba9c81'),
(108, '#c9a588'),
(108, '#a68167'),
(108, '#e7dac9'),
(108, '#a6896c'),
(109, '#d2a796'),
(110, '#eca182'),
(111, '#c45552'),
(112, '#ab6864'),
(113, '#eaceb5'),
(113, '#e4bfb6'),
(113, '#ba9487'),
(113, '#b48d84'),
(113, '#a78f79'),
(113, '#d2bbaa'),
(113, '#a17f6e'),
(113, '#e1cec6'),
(113, '#deb8a7'),
(113, '#706054'),
(114, '#f8d8c7'),
(114, '#e0b7a7'),
(114, '#c9a49e'),
(114, '#efe2db'),
(114, '#ac887f'),
(114, '#6a514d'),
(115, '#fdceb3'),
(115, '#f8d1be'),
(115, '#f7c4a9'),
(115, '#e5ba9f'),
(116, '#e28c7d'),
(117, '#9a5e5e'),
(118, '#fbab94'),
(119, '#f9e0cc'),
(119, '#f3cfb5'),
(119, '#f8e9d8'),
(119, '#cb8e71'),
(119, '#e5b18c'),
(119, '#efcaac'),
(119, '#c99986'),
(119, '#9f755d'),
(119, '#4b3931'),
(120, '#e5b293'),
(120, '#c78964'),
(120, '#decfbe'),
(120, '#9e795f'),
(120, '#775144'),
(121, '#dbb0aa'),
(122, '#f8b391'),
(123, '#c43c62'),
(124, '#ee6581'),
(125, '#a85766'),
(126, '#fad0dc'),
(127, '#f1d4c7'),
(127, '#af9a98'),
(127, '#7f6460'),
(127, '#483d3b'),
(127, '#7c6362'),
(127, '#5f433e'),
(128, '#fec6c2'),
(128, '#f5afad'),
(128, '#e9a096'),
(128, '#f1b4b1'),
(128, '#ad6c64'),
(128, '#755045'),
(129, '#f7cbd8'),
(129, '#d48ba0'),
(129, '#ebc1db'),
(129, '#f5bbd1'),
(130, '#eb729b'),
(131, '#e95282'),
(132, '#64303d'),
(133, '#e55d6b'),
(134, '#b26469'),
(135, '#f6d4d4'),
(135, '#fadfdc'),
(135, '#e5bfbb'),
(135, '#f8ccca'),
(135, '#ddb1b2'),
(135, '#d9a9a3'),
(135, '#cfaca4'),
(135, '#b68c86'),
(135, '#a28172'),
(136, '#d5aeaa'),
(137, '#e4e6e3'),
(137, '#e9e7e8'),
(137, '#e5eae6'),
(137, '#dde8ef'),
(138, '#edd5d3'),
(138, '#e3a2ac'),
(138, '#dda6b0'),
(138, '#e19ca3'),
(138, '#ad626c'),
(139, '#bb9296'),
(140, '#cca5a0'),
(141, '#b92f45'),
(142, '#ffd0cc'),
(143, '#dfa0ad'),
(143, '#e28ea2'),
(143, '#ad8089'),
(143, '#7f5f6a'),
(143, '#302e33'),
(143, '#f5d9d8'),
(143, '#bcb4d2'),
(143, '#b28d94'),
(143, '#806063'),
(143, '#604a4c'),
(144, '#c59ca0'),
(144, '#956a6c'),
(144, '#c4a2b5'),
(144, '#654c48'),
(145, '#2e2a2d'),
(146, '#eda0aa'),
(147, '#f2909f'),
(148, '#de8a86'),
(149, '#e17879'),
(150, '#e27e76'),
(151, '#f8e7d3'),
(151, '#e1c1a9'),
(151, '#c1a596'),
(151, '#ead0bf'),
(151, '#dbb096'),
(151, '#c0917c'),
(151, '#c4a286'),
(151, '#ab836e'),
(151, '#b08475'),
(152, '#f9e8e5'),
(152, '#f4ddd8'),
(152, '#e9c6c2'),
(152, '#edcfd5'),
(152, '#e8c2c5'),
(152, '#d8aeaa'),
(152, '#b0968d'),
(152, '#866b65'),
(153, '#edd3ce'),
(153, '#eac9ca'),
(153, '#debbb4'),
(153, '#eac0bd'),
(153, '#e3c3c9'),
(153, '#f6e4d9'),
(153, '#c4a08d'),
(153, '#b6958d'),
(153, '#a0847d'),
(153, '#7c675a'),
(154, '#dfbdb1'),
(155, '#e8a8a2'),
(156, '#f1cdb9'),
(157, '#b3595b'),
(158, '#bd5650'),
(159, '#b36f65'),
(160, '#eac9c9'),
(160, '#f5e4e1'),
(160, '#efc1ca'),
(160, '#e9bbb3'),
(160, '#dfa19f'),
(160, '#efdae2'),
(160, '#dbacb2'),
(160, '#b68374'),
(160, '#ba8986'),
(160, '#826754'),
(160, '#dfb9ae'),
(161, '#efdad0'),
(161, '#eaccc3'),
(161, '#f0d4c9'),
(161, '#f1cdc5'),
(161, '#c7aea0'),
(161, '#d6b19f'),
(161, '#cea398'),
(161, '#a9948a'),
(162, '#f1cfbb'),
(162, '#e9af8f'),
(162, '#c27c64'),
(162, '#c9ac93'),
(162, '#8f6e5a'),
(163, '#f7ceb6'),
(164, '#d1a78f'),
(165, '#fdc2a3'),
(166, '#fa4966'),
(167, '#e00022'),
(168, '#fb7169'),
(169, '#efaf85'),
(169, '#f9cfb7'),
(169, '#f7c7cc'),
(169, '#fdbca6'),
(169, '#eda28b'),
(169, '#e3978a'),
(169, '#cf937b'),
(169, '#8c6752'),
(170, '#e8dfd1'),
(170, '#fdc5ae'),
(170, '#eeb795'),
(170, '#f7aa90'),
(170, '#f0af9c'),
(170, '#e29389'),
(170, '#bb7865'),
(170, '#a87651'),
(171, '#feccb7'),
(171, '#febaae'),
(171, '#f9a1aa'),
(171, '#fec5c8'),
(171, '#db968b'),
(171, '#ecded6'),
(171, '#f9e6e2'),
(171, '#dcab9b'),
(171, '#9b6553'),
(171, '#835543'),
(171, '#895847'),
(172, '#d69d9e'),
(173, '#e28077'),
(174, '#edf6f0'),
(174, '#fe9e8d'),
(175, '#bf5f6d'),
(176, '#e77284'),
(177, '#e98d9c'),
(178, '#f9dad7'),
(178, '#f6cdd0'),
(178, '#fed4de'),
(178, '#f2b4cf'),
(178, '#e6cbdd'),
(178, '#f8cfda'),
(178, '#f4d9e2'),
(178, '#bb8c8f'),
(178, '#a07a75'),
(178, '#765452'),
(179, '#f8edf1'),
(179, '#fbc9dc'),
(179, '#fad6e4'),
(179, '#ecb9c8'),
(179, '#d78d9e'),
(179, '#b38683'),
(179, '#e28db1'),
(179, '#796767'),
(180, '#f5d0b1'),
(180, '#f7e6d7'),
(180, '#f3c3ac'),
(180, '#e6ba97'),
(180, '#d9ab94'),
(180, '#e2ab9a'),
(180, '#af876d'),
(180, '#806456'),
(181, '#ffc4dd'),
(182, '#ffc9fa'),
(183, '#cba29c'),
(184, '#d97d8c'),
(185, '#d12d5f'),
(186, '#b30d41'),
(187, '#efd4dd'),
(187, '#e6c2ce'),
(187, '#f4cbd3'),
(187, '#c89da6'),
(187, '#9d807c'),
(187, '#f7e2e9'),
(187, '#e6c1c8'),
(187, '#cc9c9f'),
(187, '#a47772'),
(187, '#644542'),
(188, '#fdcdc9'),
(188, '#d39799'),
(188, '#e9b7c6'),
(188, '#bd8e88'),
(188, '#755850'),
(189, '#f9cdd1'),
(189, '#f8f9ff'),
(189, '#f4d2d2'),
(189, '#d98e9c'),
(189, '#f1b2ba'),
(189, '#e9e9e9'),
(189, '#e5bad2'),
(189, '#f0bcbe'),
(189, '#a58078'),
(189, '#e3b0b4'),
(189, '#5c453a'),
(189, '#f2becd'),
(190, '#f2c8d2'),
(191, '#fecadd'),
(192, '#cf868f'),
(193, '#e58a78'),
(194, '#954359'),
(195, '#eb8a9a'),
(196, '#f5cfd3'),
(196, '#f8c7c5'),
(196, '#e9b8bd'),
(196, '#f0b3c6'),
(196, '#b98088'),
(196, '#e0afa9'),
(196, '#bf8b8b'),
(196, '#c888a9'),
(196, '#875e60'),
(196, '#664545'),
(197, '#fed9ef'),
(197, '#f2bfe1'),
(197, '#f7a7d0'),
(197, '#e491b6'),
(197, '#d392ac'),
(197, '#ead4da'),
(197, '#f2ceef'),
(197, '#b98992'),
(197, '#9e6c6f'),
(197, '#614445'),
(198, '#d9b7a9'),
(198, '#f4d3d2'),
(198, '#cdaba9'),
(198, '#b59086'),
(198, '#f6c5bd'),
(198, '#ae947c'),
(198, '#c5aa9a'),
(198, '#9d7e6b'),
(198, '#876c5a'),
(198, '#644b44'),
(199, '#e6b3b7'),
(200, '#cd6570'),
(201, '#d18178'),
(202, '#bf2d5e'),
(203, '#b65550'),
(204, '#e25050'),
(205, '#dd8675'),
(206, '#e3cabb'),
(206, '#e4c5bb'),
(206, '#d9aaa2'),
(206, '#c08f89'),
(206, '#a37b71'),
(206, '#e8d1c8'),
(206, '#d7b6a1'),
(206, '#caa390'),
(206, '#8b6a5c'),
(206, '#60453e'),
(207, '#f4c5b6'),
(207, '#eda27a'),
(207, '#dba591'),
(207, '#c48978'),
(207, '#eba8b4'),
(207, '#fdd8cb'),
(207, '#dd9b7c'),
(207, '#ad7263'),
(207, '#865c4b'),
(207, '#654737'),
(208, '#dfb09e'),
(208, '#c79b84'),
(208, '#bf907e'),
(208, '#e4bcb2'),
(208, '#9f7c6a'),
(208, '#f0ceb7'),
(208, '#e4b796'),
(208, '#c19177'),
(208, '#9c7258'),
(208, '#7e5b48'),
(209, '#cc8b74'),
(210, '#e7a49d'),
(211, '#e69e8a'),
(212, '#d6766b'),
(213, '#a86c60'),
(214, '#be454a'),
(215, '#edd6c5'),
(215, '#f6c8a5'),
(215, '#efb38f'),
(215, '#ffd8af'),
(215, '#ac7654'),
(215, '#fdc8af'),
(215, '#eba085'),
(215, '#f1ad90'),
(215, '#dda58b'),
(215, '#ba886e'),
(216, '#e8ae88'),
(216, '#dbb1a1'),
(216, '#d9aa9a'),
(216, '#d19885'),
(216, '#b57257'),
(216, '#92654e'),
(216, '#cf9f89'),
(216, '#8b5346'),
(216, '#9f5d50'),
(217, '#efd5c6'),
(217, '#dcb5a4'),
(217, '#d5b8aa'),
(217, '#c59684'),
(217, '#ae8f7b'),
(217, '#e8d1b2'),
(217, '#d5b89a'),
(217, '#bca183'),
(217, '#b38868'),
(217, '#5a4a3b'),
(217, '#e7cfbf'),
(217, '#ede0ce'),
(217, '#d6aa9a'),
(217, '#aa8976'),
(217, '#bb9e92'),
(218, '#d09887'),
(219, '#c58488'),
(220, '#f07a6e'),
(221, '#a61e25'),
(222, '#bf5849'),
(223, '#704137'),
(224, '#f9d9c4'),
(224, '#cf897d'),
(224, '#c77665'),
(224, '#f7b8a6'),
(224, '#b5665f'),
(224, '#b06852'),
(224, '#cc7c73'),
(224, '#a74b3e'),
(224, '#854836'),
(225, '#f1cba7'),
(225, '#e7c8b4'),
(225, '#d79e81'),
(225, '#f1c4a5'),
(225, '#e1ae9e'),
(225, '#e3ad91'),
(225, '#e7ab8f'),
(225, '#d19887'),
(225, '#ba7273'),
(225, '#da8463'),
(225, '#bd6d62'),
(225, '#7a5a51'),
(226, '#ddcfb7'),
(226, '#c8ad98'),
(226, '#816857'),
(226, '#e8c4ab'),
(226, '#e4c1a3'),
(226, '#a77e5e'),
(226, '#d1afa3'),
(226, '#b3978c'),
(226, '#dbcec0'),
(226, '#a98a76'),
(226, '#52433c'),
(226, '#d8bdae'),
(227, '#dc797c'),
(228, '#c8866f'),
(229, '#d58f97'),
(230, '#d73f7c'),
(231, '#ee99ae'),
(232, '#a62436'),
(233, '#fed7d0'),
(233, '#f4c8c3'),
(233, '#f0a39b'),
(233, '#994c55'),
(233, '#cb757e'),
(233, '#febdb9'),
(233, '#e5b2b4'),
(233, '#c76b6b'),
(233, '#cd7977'),
(233, '#863637'),
(234, '#fde1ef'),
(234, '#f4c7db'),
(234, '#ecabbf'),
(234, '#f1b7c5'),
(234, '#d295a9'),
(234, '#f2e2ef'),
(234, '#d3adc2'),
(234, '#d3a0ba'),
(234, '#dcc2eb'),
(234, '#75535a'),
(235, '#dbcec6'),
(235, '#efcdc0'),
(235, '#ae8d86'),
(235, '#e783a5'),
(235, '#dba3a2'),
(235, '#674335'),
(235, '#e5d2da'),
(235, '#fab4c4'),
(235, '#edadae'),
(235, '#c19781'),
(235, '#302626'),
(235, '#a07460'),
(236, '#f198b6'),
(237, '#99002f'),
(238, '#cd7494'),
(239, '#d86f85'),
(240, '#f85993'),
(241, '#8b364e'),
(242, '#fce2d0'),
(242, '#eac1b4'),
(242, '#d2ae9f'),
(242, '#b69185'),
(242, '#9d7c69'),
(242, '#7a6358'),
(242, '#f2ddd4'),
(242, '#d6b4b2'),
(242, '#c39a98'),
(242, '#b88a8a'),
(242, '#b7928a'),
(242, '#91716e'),
(243, '#d1c3c0'),
(243, '#9e7a7a'),
(243, '#b79896'),
(243, '#a58785'),
(243, '#8b696a'),
(243, '#9c7d7b'),
(243, '#79615f'),
(243, '#b4abaa'),
(243, '#594544'),
(244, '#d8d7d3'),
(244, '#d9ccc4'),
(244, '#e0c2ba'),
(244, '#baa395'),
(244, '#a5887d'),
(244, '#7d6659'),
(244, '#b38d88'),
(244, '#5f4e44'),
(245, '#f44c89'),
(246, '#f29ec0'),
(247, '#f9b3c5'),
(248, '#b54e5f'),
(249, '#c75770'),
(250, '#a80123'),
(251, '#d0b2a8'),
(251, '#c69d99'),
(251, '#d2a59f'),
(251, '#b18084'),
(251, '#c39295'),
(251, '#b98f91'),
(251, '#cbaeab'),
(251, '#976971'),
(251, '#8c6d6a'),
(251, '#654e47'),
(252, '#f0cdd3'),
(252, '#f0bed9'),
(252, '#eec5e5'),
(252, '#d7c6d8'),
(252, '#edccdc'),
(252, '#af799b'),
(252, '#e3b2d0'),
(252, '#b07893'),
(252, '#dbc7ec'),
(252, '#997f72'),
(252, '#85575a'),
(252, '#654f42'),
(253, '#e6c6d5'),
(253, '#c49aa7'),
(253, '#834e65'),
(253, '#664348'),
(253, '#765461'),
(253, '#edc7c4'),
(253, '#e5b2b4'),
(253, '#b27480'),
(253, '#e2a6ae'),
(253, '#9d756c'),
(254, '#cb0040'),
(255, '#9b4a5d'),
(256, '#d0878d');


-- Insert data into product_personal table
INSERT INTO product_personal (product_id, personal_id) VALUES
(1, 4), (1, 5), (1, 1), (1, 2),
(2, 2), (2, 1), (2, 7), (2, 5),
(3, 2), (3, 1), (3, 5), (3, 4),
(4, 1), (4, 3), (4, 12),
(5, 2), (5, 1), (5, 5), (5, 4),
(6, 1),
(7, 8), (7, 2), (7, 1), (7, 7),
(8, 2), (8, 1),
(9, 2), (9, 8), (9, 7),
(10, 2), (10, 8), (10, 1), (10, 3),
(11, 1), (11, 2), (11, 3),
(12, 2), (12, 3),
(13, 6), (13, 4), (13, 5), (13, 11),
(14, 6), (14, 5), (14, 4), (14, 11),
(15, 4), (15, 5), (15, 6), (15, 11),
(16, 11), (16, 4), (16, 5),
(17, 5), (17, 2),
(18, 1), (18, 4), (18, 5),
(19, 8), (19, 6), (19, 12),
(20, 8), (20, 7), (20, 6),
(21, 6),
(22, 7), (22, 4), (22, 1),
(32, 4), (32, 10),
(23, 1), (23, 2), (23, 7),
(24, 1), (24, 2), (24, 7), (25, 8),
(25, 1), (25, 2),
(33, 10), (33, 11), (33, 12),
(26, 7), (26, 8), (34, 6),
(34, 10), (34, 11),
(27, 7), (27, 8),
(35, 4), (35, 5), (35, 11),
(28, 7), (28, 8), (28, 9),
(29, 7), (29, 8), (29, 9),
(30, 1), (30, 7), (30, 9),
(36, 5), (36, 6), (31, 6),
(31, 11), (31, 12),
(38, 6), (38, 11), (38, 12),
(37, 5), (37, 11),
(39, 10), (39, 12), (39, 5),
(40, 1), (40, 2),
(41, 1), (41, 4),
(42, 2), (42, 3),
(43, 1), (43, 2), (43, 3),
(44, 2), (44, 7), (44, 8),
(45, 1), (45, 2), (45, 3),
(46, 3), (46, 7), (46, 8),
(47, 4), (47, 5),
(48, 4), (48, 5), (48, 6), (48, 11),
(49, 1), (49, 4), (49, 5),
(50, 4), (50, 5), (50, 6),
(51, 4), (51, 5), (51, 11),
(52, 7), (52, 8), (52, 9),
(53, 7), (53, 8), (53, 9),
(54, 6), (54, 7), (54, 9),
(55, 7),
(56, 7),
(57, 7), (57, 8), (57, 9),
(58, 7), (58, 8), (58, 9),
(59, 7), (59, 8), (59, 9),
(60, 7), (60, 9),
(61, 8),
(62, 9), (62, 11), (62, 12),
(63, 7), (63, 8), (63, 9),
(64, 4), (64, 6), (64, 9),
(65, 9), (65, 12),
(66, 7), (66, 8), (66, 9),
(67, 7), (67, 8), (67, 9),
(68, 7), (68, 8), (68, 9),
(69, 1),
(70, 1),
(71, 1), (71, 2),
(72, 1), (72, 2), (72, 7), (72, 8),
(73, 1), (73, 2),
(74, 1),
(75, 1), (75, 2),
(76, 2), (76, 8),
(77, 1), (77, 2), (77, 6), (77, 7),
(78, 1), (78, 2), (78, 4),
(79, 2), (79, 7),
(80, 1), (80, 2), (80, 7),
(81, 2), (81, 3),
(82, 1), (82, 3),
(83, 2), (83, 3),
(84, 1), (84, 2), (84, 3),
(85, 2), (85, 3), (85, 4), (85, 5),
(86, 3),
(87, 5), (87, 6),
(88, 4),
(89, 4), (89, 5), (89, 6),
(90, 4), (90, 5), (90, 6),
(91, 4),
(92, 4), (92, 5), (92, 6),
(93, 4), (93, 5),
(94, 4), (94, 5), (94, 6), (94, 7), (94, 9), (94, 10), (94, 11), (94, 12), (94, 8), (94, 1), (94, 2), (94, 3),
(95, 4), (95, 5), (95, 6),
(96, 4), (96, 5),
(97, 5), (97, 11),
(98, 4), (98, 5), (98, 10),
(99, 6), (99, 7),
(100, 4), (100, 6),
(101, 6), (101, 7),
(102, 6), (102, 7),
(103, 4), (103, 5), (103, 6),
(104, 1), (104, 4), (104, 6),
(105, 7),
(106, 7), (106, 8),
(107, 7),
(108, 7), (108, 8), (108, 9),
(109, 7),
(110, 7),
(111, 2), (111, 7), (111, 8),
(112, 2), (112, 7), (112, 8),
(113, 6), (113, 7), (113, 8),
(114, 7), (114, 8), (114, 9),
(115, 1), (115, 3), (115, 8),
(116, 8),
(117, 7), (117, 9),
(118, 2), (118, 9),
(119, 1), (119, 2), (119, 8), (119, 9),
(120, 7), (120, 8), (120, 9),
(121, 7), (121, 9),
(122, 7), (122, 8), (122, 9),
(123, 10), (123, 12),
(124, 4), (124, 5), (124, 10),
(125, 6), (125, 10), (125, 11),
(126, 5), (126, 10),
(127, 10), (127, 11), (127, 12),
(128, 4), (128, 5), (128, 10), (128, 11),
(129, 4), (129, 5), (129, 10), (129, 11),
(130, 4), (130, 10), (130, 11), (130, 12),
(131, 5), (131, 10), (131, 11),
(132, 11), (132, 12),
(133, 11), (133, 12),
(134, 4), (134, 5), (134, 6), (134, 11),
(135, 11), (135, 12),
(136, 6), (136, 11),
(137, 2), (137, 5), (137, 8), (137, 11),
(138, 6), (138, 8), (138, 11),
(139, 6), (139, 11), (139, 12),
(140, 6), (140, 11),
(141, 11), (141, 12),
(142, 6), (142, 12),
(143, 6), (143, 11), (143, 12),
(144, 6), (144, 12),
(145, 12),
(146, 6), (146, 12),
(147, 6), (147, 12),
(148, 5), (148, 2), (148, 1),
(149, 1), (149, 4),
(150, 1), (150, 2),
(151, 1), (151, 2), (151, 7),
(152, 1), (152, 4),
(153, 1), (153, 2),
(154, 1),
(155, 1), (155, 2),
(156, 2), (156, 1),
(157, 2), (157, 3), (157, 8),
(158, 2), (158, 8),
(159, 2), (159, 8),
(160, 5), (160, 2),
(161, 1), (161, 2),
(162, 1), (162, 2), (162, 3),
(163, 1), (163, 2), (163, 3),
(164, 2), (164, 8),
(165, 2), (165, 3),
(166, 2), (166, 3), (166, 5),
(167, 2), (167, 3), (167, 11),
(168, 1), (168, 3),
(169, 2), (169, 3),
(170, 1), (170, 2), (170, 3),
(171, 1), (171, 2), (171, 3),
(172, 1), (172, 2), (172, 3),
(173, 3), (173, 9),
(174, 2), (174, 3),
(175, 4), (175, 5), (175, 6),
(176, 4), (176, 5),
(177, 4), (177, 5),
(178, 4), (178, 5), (178, 6),
(179, 4), (179, 5), (179, 11), (179, 10),
(180, 1), (180, 7), (180, 4), (180, 6),
(181, 1), (181, 4),
(182, 11), (182, 4), (182, 6),
(183, 4), (183, 6),
(184, 6), (184, 5),
(185, 5), (185, 10), (185, 11),
(186, 5),
(187, 6), (187, 5),
(188, 5), (188, 6), (188, 11),
(189, 4), (189, 5), (189, 6),
(190, 4), (190, 5),
(191, 5),
(192, 5), (192, 9), (192, 7),
(193, 6), (193, 7),
(194, 5), (194, 6),
(195, 6),
(196, 6), (196, 10), (196, 11),
(197, 4), (197, 5), (197, 6), (197, 11),
(198, 5), (198, 6), (198, 7), (198, 12),
(199, 6), (199, 11), (199, 10),
(200, 6), (200, 7),
(201, 6),
(202, 6), (202, 11),
(203, 7), (203, 8),
(204, 7),
(205, 7),
(206, 8), (206, 7),
(207, 8), (207, 7),
(208, 1), (208, 7),
(209, 7),
(210, 7),
(211, 7),
(212, 1), (212, 2), (212, 8),
(213, 6), (213, 8), (213, 9),
(214, 3), (214, 8),
(215, 1), (215, 2), (215, 8),
(216, 7), (216, 8), (216, 9),
(217, 7), (217, 8), (217, 9),
(218, 8), (218, 9),
(219, 8), (219, 7), (219, 10), (219, 6),
(220, 7), (220, 8), (220, 1),
(221, 8), (221, 9),
(222, 9), (222, 7),
(223, 7), (223, 9),
(224, 7), (224, 8), (224, 9),
(225, 7), (225, 8), (225, 9),
(226, 6), (226, 9), (226, 7), (226, 12),
(227, 7), (227, 9),
(228, 8), (228, 9),
(229, 7), (229, 5), (229, 9),
(230, 5), (230, 11), (230, 10),
(231, 5), (231, 4), (231, 10),
(232, 5), (232, 10), (232, 12),
(233, 5), (233, 6), (233, 10),
(234, 4), (234, 6), (234, 10),
(235, 10), (235, 11), (235, 12),
(236, 5), (236, 11), (236, 10),
(237, 10), (237, 11), (237, 12),
(238, 4), (238, 5), (238, 10),
(239, 6), (239, 5), (239, 11),
(240, 11), (240, 10), (240, 5),
(241, 12), (241, 11),
(242, 6), (242, 4), (242, 11),
(243, 11), (243, 12),
(244, 6), (244, 11),
(245, 4), (245, 5), (245, 11),
(246, 5), (246, 11),
(247, 11), (247, 5), (247, 4),
(248, 4), (248, 6), (248, 12),
(249, 6), (249, 12), (249, 11),
(250, 12),
(251, 11), (251, 12), (251, 10),
(252, 12), (252, 11), (252, 10),
(253, 10), (253, 11), (253, 12), (253, 6),
(254, 10), (254, 11), (254, 12),
(255, 12),
(256, 12), (256, 10);

-- Insert data into personal_color_hashtags table
INSERT INTO personal_color_hashtags (id, personal_id, hashtag) VALUES
(1, 1, '#밝은'),
(2, 1, '#부드러운'),
(3, 1, '#스윗한'),
(4, 2, '#반짝이는'),
(5, 2, '#명랑한'),
(6, 2, '#또렷한'),
(7, 3, '#화사한'),
(8, 3, '#귀여운'),
(9, 3, '#생기있는'),
(10, 4, '#투명한'),
(11, 4, '#청아한'),
(12, 4, '#순수한'),
(13, 5, '#맑은'),
(14, 5, '#깨끗한'),
(15, 5, '#시원한'),
(16, 6, '#단정한'),
(17, 6, '#지적인'),
(18, 6, '#신비로운'),
(19, 7, '#자연스러운'),
(20, 7, '#편안한'),
(21, 7, '#포근한'),
(22, 8, '#고급스러운'),
(23, 8, '#고저스한'),
(24, 8, '#매혹적인'),
(25, 9, '#기품있는'),
(26, 9, '#그윽한'),
(27, 9, '#정적인'),
(28, 10, '#심플한'),
(29, 10, '#깔끔한'),
(30, 10, '#에너제틱한'),
(31, 11, '#도시적인'),
(32, 11, '#고혹적인'),
(33, 11, '#세련된'),
(34, 12, '#중후한'),
(35, 12, '#샤프한'),
(36, 12, '#카리스마');

INSERT INTO personal_color_fashion (personal_id, color_id, color) VALUES
(1, 1, '#E5E5E5'),
(1, 2, '#F7E8C9'),
(1, 3, '#EACFCF'),
(1, 4, '#CED8DB'),
(1, 5, '#F2E1A8'),
(1, 6, '#EABFB4'),
(1, 7, '#F5C08A'),
(1, 8, '#E2EBAD'),
(2, 1, '#dfe0da'),
(2, 2, '#d7d2c1'),
(2, 3, '#faeadf'),
(2, 4, '#f6fff3'),
(2, 5, '#be343b'),
(2, 6, '#e1bd3e'),
(2, 7, '#a3b948'),
(2, 8, '#835aa0'),
(3, 1, '#fff6d2'),
(3, 2, '#e19e6b'),
(3, 3, '#c5d257'),
(3, 4, '#b7dde0'),
(3, 5, '#fcf2b9'),
(3, 6, '#f0c568'),
(3, 7, '#83b6d7'),
(3, 8, '#c199c0'),
(4, 1, '#f5f5f3'),
(4, 2, '#e0e7d6'),
(4, 3, '#d8e1e8'),
(4, 4, '#e8dadf'),
(4, 5, '#dcddd7'),
(4, 6, '#d0d4dc'),
(4, 7, '#bfd6d4'),
(4, 8, '#d8b7c9'),
(5, 1, '#fdfef8'),
(5, 2, '#e3efd7'),
(5, 3, '#cae7fd'),
(5, 4, '#e5b1c6'),
(5, 5, '#bc6b8d'),
(5, 6, '#74afc6'),
(5, 7, '#5e6daf'),
(5, 8, '#8379b3'),
(6, 1, '#e7e8e5'),
(6, 2, '#d7c4d2'),
(6, 3, '#d2d9d4'),
(6, 4, '#abb8c7'),
(6, 5, '#a3a3aa'),
(6, 6, '#86959e'),
(6, 7, '#7c839d'),
(6, 8, '#7e7ea5'),
(7, 1, '#f8f3d9'),
(7, 2, '#d19491'),
(7, 3, '#f1dca3'),
(7, 4, '#cfddd9'),
(7, 5, '#dac3a7'),
(7, 6, '#ced6ab'),
(7, 7, '#c3b8ca'),
(7, 8, '#d6ceb2'),
(8, 1, '#bb384a'),
(8, 2, '#6d9558'),
(8, 3, '#4e9cc6'),
(8, 4, '#753ca7'),
(8, 5, '#1e1b26'),
(8, 6, '#ca573f'),
(8, 7, '#e29e46'),
(8, 8, '#844d44'),
(9, 1, '#663344'),
(9, 2, '#754b4a'),
(9, 3, '#445e76'),
(9, 4, '#4f3d7d'),
(9, 5, '#232631'),
(9, 6, '#2e3037'),
(9, 7, '#2e333b'),
(9, 8, '#3a365a'),
(10, 1, '#f4f4f4'),
(10, 2, '#f4ec56'),
(10, 3, '#cd355a'),
(10, 4, '#294fb4'),
(10, 5, '#171925'),
(10, 6, '#423499'),
(10, 7, '#67ad9a'),
(10, 8, '#ca3f95'),
(11, 1, '#d63c56'),
(11, 2, '#f4ec63'),
(11, 3, '#63ab9c'),
(11, 4, '#5e329c'),
(11, 5, '#20222b'),
(11, 6, '#9b337b'),
(11, 7, '#272c67'),
(11, 8, '#712e46'),
(12, 1, '#5f294b'),
(12, 2, '#723372'),
(12, 3, '#325263'),
(12, 4, '#2b396e'),
(12, 5, '#434559'),
(12, 6, '#1f2a36'),
(12, 7, '#20243f'),
(12, 8, '#20242c');

INSERT INTO personal_color_lip (personal_id, color_id, color) VALUES
(1, 1, '#E5A59F'),
(1, 2, '#c99085'),
(1, 3, '#be8790'),
(1, 4, '#c08288'),
(1, 5, '#c07073'),
(2, 1, '#c44654'),
(2, 2, '#c14c3e'),
(2, 3, '#b3353a'),
(2, 4, '#b63c4b'),
(2, 5, '#bf3a4d'),
(3, 1, '#d47272'),
(3, 2, '#cd6963'),
(3, 3, '#cb4849'),
(3, 4, '#c9474c'),
(3, 5, '#c92031'),
(4, 1, '#c37899'),
(4, 2, '#c4688e'),
(4, 3, '#c2516e'),
(4, 4, '#b53c62'),
(4, 5, '#b64f8c'),
(5, 1, '#c07c9d'),
(5, 2, '#b95276'),
(5, 3, '#ad3e71'),
(5, 4, '#a4355b'),
(5, 5, '#af3451'),
(6, 1, '#b5708e'),
(6, 2, '#ad5f80'),
(6, 3, '#a65a76'),
(6, 4, '#9a516f'),
(6, 5, '#984a66'),
(7, 1, '#c47666'),
(7, 2, '#bd726a'),
(7, 3, '#aa5856'),
(7, 4, '#9d4d4d'),
(7, 5, '#c0665e'),
(8, 1, '#bb3b45'),
(8, 2, '#a74345'),
(8, 3, '#b13a4c'),
(8, 4, '#ad4749'),
(8, 5, '#8e394c'),
(9, 1, '#98484a'),
(9, 2, '#7c3246'),
(9, 3, '#7d425c'),
(9, 4, '#733a4b'),
(9, 5, '#6c3344'),
(10, 1, '#cd387b'),
(10, 2, '#bd2e79'),
(10, 3, '#b43350'),
(10, 4, '#952b4f'),
(10, 5, '#9f3242'),
(11, 1, '#c03163'),
(11, 2, '#bd3480'),
(11, 3, '#ae3a60'),
(11, 4, '#a4324a'),
(11, 5, '#93355b'),
(12, 1, '#954d65'),
(12, 2, '#a74660'),
(12, 3, '#883756'),
(12, 4, '#7f395f'),
(12, 5, '#833a54');

INSERT INTO personal_color_chic (personal_id, color_id, color) VALUES
(1, 1, '#fee8dc'),
(1, 2, '#ecc5c3'),
(1, 3, '#daaea4'),
(1, 4, '#d3a3a4'),
(1, 5, '#d39391'),
(2, 1, '#e6bd98'),
(2, 2, '#d49186'),
(2, 3, '#cc817b'),
(2, 4, '#c96b64'),
(2, 5, '#cc665f'),
(3, 1, '#f6e6db'),
(3, 2, '#e7b6ad'),
(3, 3, '#e2a989'),
(3, 4, '#d57770'),
(3, 5, '#d76768'),
(4, 1, '#eae0e1'),
(4, 2, '#dfc9c9'),
(4, 3, '#cfaeb7'),
(4, 4, '#c59fb5'),
(4, 5, '#c2afc4'),
(5, 1, '#eacfcb'),
(5, 2, '#dcb7bc'),
(5, 3, '#d4a9b8'),
(5, 4, '#c4aec1'),
(5, 5, '#c07fa1'),
(6, 1, '#d7bdc8'),
(6, 2, '#d1afba'),
(6, 3, '#bd95a8'),
(6, 4, '#b18190'),
(6, 5, '#a8788b'),
(7, 1, '#ecc4a9'),
(7, 2, '#e0b199'),
(7, 3, '#cba087'),
(7, 4, '#c69587'),
(7, 5, '#c08980'),
(8, 1, '#e19d8a'),
(8, 2, '#cf7f75'),
(8, 3, '#c55858'),
(8, 4, '#c4605c'),
(8, 5, '#c96b67'),
(9, 1, '#de9e92'),
(9, 2, '#ce9c92'),
(9, 3, '#bf8984'),
(9, 4, '#ba7c7f'),
(9, 5, '#c78480'),
(10, 1, '#f4f4f4'),
(10, 2, '#f1d8e7'),
(10, 3, '#e1cae1'),
(10, 4, '#cba5cd'),
(10, 5, '#c583b6'),
(11, 1, '#ca87ad'),
(11, 2, '#c485b0'),
(11, 3, '#b05e91'),
(11, 4, '#9a467f'),
(11, 5, '#a94c65'),
(12, 1, '#daaeb6'),
(12, 2, '#cc9fa8'),
(12, 3, '#ac87a1'),
(12, 4, '#b37484'),
(12, 5, '#9d6485');

INSERT INTO personal_color_eye (personal_id, color_id, color) VALUES
(1, 1, '#f4e0d5'),
(1, 2, '#e9cec5'),
(1, 3, '#e0baa9'),
(1, 4, '#daaaab'),
(1, 5, '#b28f88'),
(2, 1, '#efd7c4'),
(2, 2, '#ddb3a0'),
(2, 3, '#cb8082'),
(2, 4, '#c97264'),
(2, 5, '#794d50'),
(3, 1, '#f4cfc3'),
(3, 2, '#e6b19a'),
(3, 3, '#d3716c'),
(3, 4, '#b56d61'),
(3, 5, '#804f4e'),
(4, 1, '#daced3'),
(4, 2, '#dac4c6'),
(4, 3, '#c7a1b4'),
(4, 4, '#a6788a'),
(4, 5, '#886877'),
(5, 1, '#ebddda'),
(5, 2, '#ecd7da'),
(5, 3, '#b67792'),
(5, 4, '#a37088'),
(5, 5, '#635256'),
(6, 1, '#e0cdcc'),
(6, 2, '#d0c0c6'),
(6, 3, '#b39398'),
(6, 4, '#987d80'),
(6, 5, '#876973'),
(7, 1, '#f8dfca'),
(7, 2, '#dcba9d'),
(7, 3, '#c79883'),
(7, 4, '#bc8a72'),
(7, 5, '#a27866'),
(8, 1, '#ebb68e'),
(8, 2, '#d7a584'),
(8, 3, '#bb7260'),
(8, 4, '#966358'),
(8, 5, '#6b4c47'),
(9, 1, '#e1b393'),
(9, 2, '#d4a48a'),
(9, 3, '#a78a7d'),
(9, 4, '#6c5a5a'),
(9, 5, '#584d4e'),
(10, 1, '#f3f3f4'),
(10, 2, '#ece5ef'),
(10, 3, '#dcb6cd'),
(10, 4, '#b86393'),
(10, 5, '#433c4a'),
(11, 1, '#e1cbc9'),
(11, 2, '#cba4b2'),
(11, 3, '#9f7187'),
(11, 4, '#76385e'),
(11, 5, '#433948'),
(12, 1, '#ddc6bf'),
(12, 2, '#cdb5b6'),
(12, 3, '#a5868b'),
(12, 4, '#847279'),
(12, 5, '#52465a');

INSERT INTO best_color (personal_id, color, name) VALUES
(1, '#FFB6C1', '라이트 코랄 핑크'),
(1, '#FFDAB9', '피치 퍼프'),
(1, '#FFFFE0', '라이트 옐로우'),
(1, '#F4A460', '샌디 브라운'),
(1, '#98FB98', '페일 그린'),
(2, '#FF6347', '토마토'),
(2, '#FFA07A', '라이트 살몬'),
(2, '#FFD700', '골드'),
(2, '#FF7F50', '코랄'),
(2, '#00FA9A', '미디엄 스프링 그린'),
(3, '#FF4500', '오렌지 레드'),
(3, '#FF8C00', '다크 오렌지'),
(3, '#FFFF00', '옐로우'),
(3, '#FFA500', '오렌지'),
(3, '#00FF7F', '스프링 그린'),
(4, '#FF69B4', '핫 핑크'),
(4, '#E6E6FA', '라벤더'),
(4, '#87CEEB', '스카이 블루'),
(4, '#98FB98', '페일 그린'),
(4, '#DDA0DD', '플럼'),
(5, '#FF1493', '딥 핑크'),
(5, '#9370DB', '미디엄 퍼플'),
(5, '#00BFFF', '딥 스카이 블루'),
(5, '#00FA9A', '미디엄 스프링 그린'),
(5, '#8A2BE2', '블루 바이올렛'),
(6, '#DB7093', '페일 바이올렛 레드'),
(6, '#D8BFD8', '티슬'),
(6, '#B0E0E6', '파우더 블루'),
(6, '#AFEEEE', '페일 터쿼이즈'),
(6, '#DDA0DD', '플럼'),
(7, '#6B8E23', '올리브 드랍'),
(7, '#DAA520', '골덴로드'),
(7, '#D2691E', '초콜릿'),
(7, '#556B2F', '다크 올리브 그린'),
(7, '#A52A2A', '브라운'),
(8, '#556B2F', '다크 올리브 그린'),
(8, '#B8860B', '다크 골덴로드'),
(8, '#8B4513', '새들 브라운'),
(8, '#8B0000', '다크 레드'),
(8, '#A52A2A', '브라운'),
(9, '#8B4513', '새들 브라운'),
(9, '#A0522D', '시에나'),
(9, '#A52A2A', '브라운'),
(9, '#8B0000', '다크 레드'),
(9, '#654321', '다크 브라운'),
(10, '#FF0000', '레드'),
(10, '#FF00FF', '마젠타'),
(10, '#0000FF', '블루'),
(10, '#8A2BE2', '블루 바이올렛'),
(10, '#00FF00', '라임'),
(11, '#B22222', '파이어브릭'),
(11, '#C71585', '미디엄 바이올렛 레드'),
(11, '#00008B', '다크 블루'),
(11, '#4B0082', '인디고'),
(11, '#006400', '다크 그린'),
(12, '#8B0000', '다크 레드'),
(12, '#00008B', '다크 블루'),
(12, '#006400', '다크 그린'),
(12, '#4B0082', '인디고'),
(12, '#000000', '블랙');

INSERT INTO worst_color (personal_id, color, name) VALUES
(1, '#8B4513', '새들 브라운'),
(1, '#800000', '마룬'),
(1, '#4B0082', '인디고'),
(1, '#2F4F4F', '다크 슬레이트 그레이'),
(1, '#000000', '블랙'),
(2, '#8B4513', '새들 브라운'),
(2, '#800000', '마룬'),
(2, '#4B0082', '인디고'),
(2, '#2F4F4F', '다크 슬레이트 그레이'),
(2, '#000000', '블랙'),
(3, '#8B4513', '새들 브라운'),
(3, '#800000', '마룬'),
(3, '#4B0082', '인디고'),
(3, '#2F4F4F', '다크 슬레이트 그레이'),
(3, '#000000', '블랙'),
(4, '#FFD700', '골드'),
(4, '#808000', '올리브'),
(4, '#B22222', '파이어브릭'),
(4, '#FF4500', '오렌지 레드'),
(4, '#FFD700', '골드'),
(5, '#FFD700', '골드'),
(5, '#808000', '올리브'),
(5, '#B22222', '파이어브릭'),
(5, '#FF4500', '오렌지 레드'),
(5, '#FFD700', '골드'),
(6, '#FFD700', '골드'),
(6, '#808000', '올리브'),
(6, '#B22222', '파이어브릭'),
(6, '#FF4500', '오렌지 레드'),
(6, '#FFD700', '골드'),
(7, '#FFB6C1', '라이트 코랄 핑크'),
(7, '#E6E6FA', '라벤더'),
(7, '#87CEEB', '스카이 블루'),
(7, '#98FB98', '페일 그린'),
(7, '#C0C0C0', '실버'),
(8, '#FFB6C1', '라이트 코랄 핑크'),
(8, '#E6E6FA', '라벤더'),
(8, '#87CEEB', '스카이 블루'),
(8, '#98FB98', '페일 그린'),
(8, '#C0C0C0', '실버'),
(9, '#FFB6C1', '라이트 코랄 핑크'),
(9, '#E6E6FA', '라벤더'),
(9, '#87CEEB', '스카이 블루'),
(9, '#98FB98', '페일 그린'),
(9, '#C0C0C0', '실버'),
(10, '#FFA500', '오렌지'),
(10, '#FFD700', '골드'),
(10, '#A52A2A', '브라운'),
(10, '#808000', '올리브'),
(10, '#F5F5DC', '베이지'),
(11, '#FFA500', '오렌지'),
(11, '#FFD700', '골드'),
(11, '#A52A2A', '브라운'),
(11, '#808000', '올리브'),
(11, '#F5F5DC', '베이지'),
(12, '#FFA500', '오렌지'),
(12, '#FFD700', '골드'),
(12, '#A52A2A', '브라운'),
(12, '#808000', '올리브'),
(12, '#F5F5DC', '베이지');
